id,tipo,clasificacion,descripcionresumida,responsable,calle,altura,letra,bis,coordenadax,coordenaday,GEOJSON
83068,Cámara,Domo MR,Sarmiento y San Lorenzo,Mantenimiento de Cámaras,SAN LORENZO                                       ,1108,,0,5440366.52070792,6355235.2116616,"{ ""type"": ""Feature"", ""properties"": { ""id"": 83068, ""tipo"": ""Cámara"", ""clasificacion"": ""Domo MR"", ""descripcionresumida"": ""Sarmiento y San Lorenzo"", ""responsable"": ""Mantenimiento de Cámaras"", ""calle"": ""SAN LORENZO                                       "", ""altura"": 1108, ""letra"": """", ""bis"": 0, ""coordenadax"": 5440366.520708, ""coordenaday"": 6355235.211662 }, ""geometry"": { ""type"": ""Point"", ""coordinates"": [ -60.637703, -32.944114 ] } }"
83120,Cámara,Domo MR,Pellegrini y Sarmiento,Mantenimiento de Cámaras,PELLEGRINI CARLOS                                 ,1087,,0,5440090.17509308,6353747.15846453,"{ ""type"": ""Feature"", ""properties"": { ""id"": 83120, ""tipo"": ""Cámara"", ""clasificacion"": ""Domo MR"", ""descripcionresumida"": ""Pellegrini y Sarmiento"", ""responsable"": ""Mantenimiento de Cámaras"", ""calle"": ""PELLEGRINI CARLOS                                 "", ""altura"": 1087, ""letra"": """", ""bis"": 0, ""coordenadax"": 5440090.175093, ""coordenaday"": 6353747.158465 }, ""geometry"": { ""type"": ""Point"", ""coordinates"": [ -60.640755, -32.957515 ] } }"
104310,Cámara,Domo MR,CARRIEGO Y LUDUEÑA,Mantenimiento de Cámaras,LUDUEÑA                                           ,1716,,0,5435691.86368302,6356737.03396903,"{ ""type"": ""Feature"", ""properties"": { ""id"": 104310, ""tipo"": ""Cámara"", ""clasificacion"": ""Domo MR"", ""descripcionresumida"": ""CARRIEGO Y LUDUEÑA"", ""responsable"": ""Mantenimiento de Cámaras"", ""calle"": ""LUDUEÑA                                           "", ""altura"": 1716, ""letra"": """", ""bis"": 0, ""coordenadax"": 5435691.863683, ""coordenaday"": 6356737.033969 }, ""geometry"": { ""type"": ""Point"", ""coordinates"": [ -60.687585, -32.930308 ] } }"
104311,Cámara,Domo MR,CARRIEGO Y URQUIZA,Mantenimiento de Cámaras,URQUIZA GRAL. JUSTO JOSE                          ,4813,,0,5435660.84590202,6356328.43435395,"{ ""type"": ""Feature"", ""properties"": { ""id"": 104311, ""tipo"": ""Cámara"", ""clasificacion"": ""Domo MR"", ""descripcionresumida"": ""CARRIEGO Y URQUIZA"", ""responsable"": ""Mantenimiento de Cámaras"", ""calle"": ""URQUIZA GRAL. JUSTO JOSE                          "", ""altura"": 4813, ""letra"": """", ""bis"": 0, ""coordenadax"": 5435660.845902, ""coordenaday"": 6356328.434354 }, ""geometry"": { ""type"": ""Point"", ""coordinates"": [ -60.687945, -32.933990 ] } }"
104312,Cámara,Domo MR,PELLEGRINI Y FRANCIA,Mantenimiento de Cámaras,FRANCIA                                           ,1724,,0,5437508.78985459,6354272.01512333,"{ ""type"": ""Feature"", ""properties"": { ""id"": 104312, ""tipo"": ""Cámara"", ""clasificacion"": ""Domo MR"", ""descripcionresumida"": ""PELLEGRINI Y FRANCIA"", ""responsable"": ""Mantenimiento de Cámaras"", ""calle"": ""FRANCIA                                           "", ""altura"": 1724, ""letra"": """", ""bis"": 0, ""coordenadax"": 5437508.789855, ""coordenaday"": 6354272.015123 }, ""geometry"": { ""type"": ""Point"", ""coordinates"": [ -60.668327, -32.952638 ] } }"
104325,Cámara,Domo MR,PROVINCIAS UNIDAS y RUEDA MIGUEL,Mantenimiento de Cámaras,PROVINCIAS UNIDAS                                 ,2916,,0,5433461.77967683,6353102.77898032,"{ ""type"": ""Feature"", ""properties"": { ""id"": 104325, ""tipo"": ""Cámara"", ""clasificacion"": ""Domo MR"", ""descripcionresumida"": ""PROVINCIAS UNIDAS y RUEDA MIGUEL"", ""responsable"": ""Mantenimiento de Cámaras"", ""calle"": ""PROVINCIAS UNIDAS                                 "", ""altura"": 2916, ""letra"": """", ""bis"": 0, ""coordenadax"": 5433461.779677, ""coordenaday"": 6353102.778980 }, ""geometry"": { ""type"": ""Point"", ""coordinates"": [ -60.711690, -32.962941 ] } }"
104331,Cámara,Domo MR,VEINTISIETE DE FEBRERO y BAYO SERVANDO,Mantenimiento de Cámaras,VEINTISIETE DE FEBRERO                            ,4534,,0,5435472.26873174,6353553.65523895,"{ ""type"": ""Feature"", ""properties"": { ""id"": 104331, ""tipo"": ""Cámara"", ""clasificacion"": ""Domo MR"", ""descripcionresumida"": ""VEINTISIETE DE FEBRERO y BAYO SERVANDO"", ""responsable"": ""Mantenimiento de Cámaras"", ""calle"": ""VEINTISIETE DE FEBRERO                            "", ""altura"": 4534, ""letra"": """", ""bis"": 0, ""coordenadax"": 5435472.268732, ""coordenaday"": 6353553.655239 }, ""geometry"": { ""type"": ""Point"", ""coordinates"": [ -60.690156, -32.958997 ] } }"
83086,Cámara,Domo MR,Nuestra Señora del Rosario y Laprida,Mantenimiento de Cámaras,NUESTRA SRA DEL ROSARIO                           ,748,,0,5439626.86189817,6349071.3621942,"{ ""type"": ""Feature"", ""properties"": { ""id"": 83086, ""tipo"": ""Cámara"", ""clasificacion"": ""Domo MR"", ""descripcionresumida"": ""Nuestra Señora del Rosario y Laprida"", ""responsable"": ""Mantenimiento de Cámaras"", ""calle"": ""NUESTRA SRA DEL ROSARIO                           "", ""altura"": 748, ""letra"": """", ""bis"": 0, ""coordenadax"": 5439626.861898, ""coordenaday"": 6349071.362194 }, ""geometry"": { ""type"": ""Point"", ""coordinates"": [ -60.646017, -32.999648 ] } }"
103242,Cámara,Domo MR,Presidente Perón y Francia,Mantenimiento de Cámaras,PERON PTE. JUAN DOMINGO,0,,0,5437434.89,6353909.6325,"{ ""type"": ""Feature"", ""properties"": { ""id"": 103242, ""tipo"": ""Cámara"", ""clasificacion"": ""Domo MR"", ""descripcionresumida"": ""Presidente Perón y Francia"", ""responsable"": ""Mantenimiento de Cámaras"", ""calle"": ""PERON PTE. JUAN DOMINGO"", ""altura"": 0, ""letra"": """", ""bis"": 0, ""coordenadax"": 5437434.890000, ""coordenaday"": 6353909.632500 }, ""geometry"": { ""type"": ""Point"", ""coordinates"": [ -60.669142, -32.955902 ] } }"
104317,Cámara,Domo MR,CASIANO CASAS y BAIGORRIA,Mantenimiento de Cámaras,CASAS CASIANO,0,,0,5432977.9,6360756.43,"{ ""type"": ""Feature"", ""properties"": { ""id"": 104317, ""tipo"": ""Cámara"", ""clasificacion"": ""Domo MR"", ""descripcionresumida"": ""CASIANO CASAS y BAIGORRIA"", ""responsable"": ""Mantenimiento de Cámaras"", ""calle"": ""CASAS CASIANO"", ""altura"": 0, ""letra"": """", ""bis"": 0, ""coordenadax"": 5432977.900000, ""coordenaday"": 6360756.430000 }, ""geometry"": { ""type"": ""Point"", ""coordinates"": [ -60.716309, -32.893905 ] } }"
104329,Cámara,Domo MR,ENTRE RIOS y VIAMONTE JUAN JOSE,Mantenimiento de Cámaras,ENTRE RIOS                                        ,2413,,0,5439641.77429288,6352919.28196795,"{ ""type"": ""Feature"", ""properties"": { ""id"": 104329, ""tipo"": ""Cámara"", ""clasificacion"": ""Domo MR"", ""descripcionresumida"": ""ENTRE RIOS y VIAMONTE JUAN JOSE"", ""responsable"": ""Mantenimiento de Cámaras"", ""calle"": ""ENTRE RIOS                                        "", ""altura"": 2413, ""letra"": """", ""bis"": 0, ""coordenadax"": 5439641.774293, ""coordenaday"": 6352919.281968 }, ""geometry"": { ""type"": ""Point"", ""coordinates"": [ -60.645605, -32.964955 ] } }"
83081,Cámara,Domo MR,Corrientes y San Luis,Mantenimiento de Cámaras,CORRIENTES                                        ,1008,,0,5439861.41895822,6354757.62233013,"{ ""type"": ""Feature"", ""properties"": { ""id"": 83081, ""tipo"": ""Cámara"", ""clasificacion"": ""Domo MR"", ""descripcionresumida"": ""Corrientes y San Luis"", ""responsable"": ""Mantenimiento de Cámaras"", ""calle"": ""CORRIENTES                                        "", ""altura"": 1008, ""letra"": """", ""bis"": 0, ""coordenadax"": 5439861.418958, ""coordenaday"": 6354757.622330 }, ""geometry"": { ""type"": ""Point"", ""coordinates"": [ -60.643136, -32.948392 ] } }"
83395,Cámara,Domo MR,PERON PTE. JUAN DOMINGO y JUAN XXIII,Mantenimiento de Cámaras,PERON PTE. JUAN DOMINGO                           ,7628,,0,5432464.27468587,6351930.08317812,"{ ""type"": ""Feature"", ""properties"": { ""id"": 83395, ""tipo"": ""Cámara"", ""clasificacion"": ""Domo MR"", ""descripcionresumida"": ""PERON PTE. JUAN DOMINGO y JUAN XXIII"", ""responsable"": ""Mantenimiento de Cámaras"", ""calle"": ""PERON PTE. JUAN DOMINGO                           "", ""altura"": 7628, ""letra"": """", ""bis"": 0, ""coordenadax"": 5432464.274686, ""coordenaday"": 6351930.083178 }, ""geometry"": { ""type"": ""Point"", ""coordinates"": [ -60.722445, -32.973453 ] } }"
83040,Cámara,Domo MR,Cordoba y Moreno,Mantenimiento de Cámaras,CORDOBA,0,,0,5439165.39525382,6355211.28526832,"{ ""type"": ""Feature"", ""properties"": { ""id"": 83040, ""tipo"": ""Cámara"", ""clasificacion"": ""Domo MR"", ""descripcionresumida"": ""Cordoba y Moreno"", ""responsable"": ""Mantenimiento de Cámaras"", ""calle"": ""CORDOBA"", ""altura"": 0, ""letra"": """", ""bis"": 0, ""coordenadax"": 5439165.395254, ""coordenaday"": 6355211.285268 }, ""geometry"": { ""type"": ""Point"", ""coordinates"": [ -60.650549, -32.944263 ] } }"
83041,Cámara,Domo MR,Buenos Aires y Pasaje Juramento,Mantenimiento de Cámaras,BUENOS AIRES,0,,0,5440836.47449871,6354908.97984541,"{ ""type"": ""Feature"", ""properties"": { ""id"": 83041, ""tipo"": ""Cámara"", ""clasificacion"": ""Domo MR"", ""descripcionresumida"": ""Buenos Aires y Pasaje Juramento"", ""responsable"": ""Mantenimiento de Cámaras"", ""calle"": ""BUENOS AIRES"", ""altura"": 0, ""letra"": """", ""bis"": 0, ""coordenadax"": 5440836.474499, ""coordenaday"": 6354908.979845 }, ""geometry"": { ""type"": ""Point"", ""coordinates"": [ -60.632699, -32.947081 ] } }"
83042,Cámara,Domo MR,Oroño y Mendoza,Mantenimiento de Cámaras,OROÑO NICASIO                                     ,1191,,0,5438811.15793959,6354710.74273962,"{ ""type"": ""Feature"", ""properties"": { ""id"": 83042, ""tipo"": ""Cámara"", ""clasificacion"": ""Domo MR"", ""descripcionresumida"": ""Oroño y Mendoza"", ""responsable"": ""Mantenimiento de Cámaras"", ""calle"": ""OROÑO NICASIO                                     "", ""altura"": 1191, ""letra"": """", ""bis"": 0, ""coordenadax"": 5438811.157940, ""coordenaday"": 6354710.742740 }, ""geometry"": { ""type"": ""Point"", ""coordinates"": [ -60.654370, -32.948757 ] } }"
83043,Cámara,Domo MR,Cordoba y San Martin,Mantenimiento de Cámaras,CORDOBA,0,,0,5440469.20591929,6354946.33240869,"{ ""type"": ""Feature"", ""properties"": { ""id"": 83043, ""tipo"": ""Cámara"", ""clasificacion"": ""Domo MR"", ""descripcionresumida"": ""Cordoba y San Martin"", ""responsable"": ""Mantenimiento de Cámaras"", ""calle"": ""CORDOBA"", ""altura"": 0, ""letra"": """", ""bis"": 0, ""coordenadax"": 5440469.205919, ""coordenaday"": 6354946.332409 }, ""geometry"": { ""type"": ""Point"", ""coordinates"": [ -60.636624, -32.946724 ] } }"
83045,Cámara,Domo MR,San Luis y Entre Rios,Mantenimiento de Cámaras,SAN LUIS                                          ,1293,,0,5440010.84921741,6354732.14202603,"{ ""type"": ""Feature"", ""properties"": { ""id"": 83045, ""tipo"": ""Cámara"", ""clasificacion"": ""Domo MR"", ""descripcionresumida"": ""San Luis y Entre Rios"", ""responsable"": ""Mantenimiento de Cámaras"", ""calle"": ""SAN LUIS                                          "", ""altura"": 1293, ""letra"": """", ""bis"": 0, ""coordenadax"": 5440010.849217, ""coordenaday"": 6354732.142026 }, ""geometry"": { ""type"": ""Point"", ""coordinates"": [ -60.641539, -32.948630 ] } }"
83047,Cámara,Domo MR,Pellegrini y Oroño,Mantenimiento de Cámaras,OROÑO NICASIO                                     ,1726,,0,5438651.73356347,6354025.69218022,"{ ""type"": ""Feature"", ""properties"": { ""id"": 83047, ""tipo"": ""Cámara"", ""clasificacion"": ""Domo MR"", ""descripcionresumida"": ""Pellegrini y Oroño"", ""responsable"": ""Mantenimiento de Cámaras"", ""calle"": ""OROÑO NICASIO                                     "", ""altura"": 1726, ""letra"": """", ""bis"": 0, ""coordenadax"": 5438651.733563, ""coordenaday"": 6354025.692180 }, ""geometry"": { ""type"": ""Point"", ""coordinates"": [ -60.656120, -32.954924 ] } }"
83048,Cámara,Domo MR,Uriburu y San Martin,Mantenimiento de Cámaras,URIBURU,0,,0,5439567.49050248,6350080.38997058,"{ ""type"": ""Feature"", ""properties"": { ""id"": 83048, ""tipo"": ""Cámara"", ""clasificacion"": ""Domo MR"", ""descripcionresumida"": ""Uriburu y San Martin"", ""responsable"": ""Mantenimiento de Cámaras"", ""calle"": ""URIBURU"", ""altura"": 0, ""letra"": """", ""bis"": 0, ""coordenadax"": 5439567.490502, ""coordenaday"": 6350080.389971 }, ""geometry"": { ""type"": ""Point"", ""coordinates"": [ -60.646586, -32.990547 ] } }"
83049,Cámara,Domo MR,Sargento Cabral y AV Belgrano,Mantenimiento de Cámaras,SARGENTO CABRAL,0,,0,5440704.00793194,6355337.15459804,"{ ""type"": ""Feature"", ""properties"": { ""id"": 83049, ""tipo"": ""Cámara"", ""clasificacion"": ""Domo MR"", ""descripcionresumida"": ""Sargento Cabral y AV Belgrano"", ""responsable"": ""Mantenimiento de Cámaras"", ""calle"": ""SARGENTO CABRAL"", ""altura"": 0, ""letra"": """", ""bis"": 0, ""coordenadax"": 5440704.007932, ""coordenaday"": 6355337.154598 }, ""geometry"": { ""type"": ""Point"", ""coordinates"": [ -60.634088, -32.943213 ] } }"
83050,Cámara,Domo MR,Parque España [Anfiteatro],Mantenimiento de Cámaras,ILLIA PTE. ARTURO U.                              ,1256,,0,5440339.79489143,6355952.82094869,"{ ""type"": ""Feature"", ""properties"": { ""id"": 83050, ""tipo"": ""Cámara"", ""clasificacion"": ""Domo MR"", ""descripcionresumida"": ""Parque España [Anfiteatro]"", ""responsable"": ""Mantenimiento de Cámaras"", ""calle"": ""ILLIA PTE. ARTURO U.                              "", ""altura"": 1256, ""letra"": """", ""bis"": 0, ""coordenadax"": 5440339.794891, ""coordenaday"": 6355952.820949 }, ""geometry"": { ""type"": ""Point"", ""coordinates"": [ -60.637943, -32.937642 ] } }"
83051,Cámara,Domo MR,Cafferata y Santa Fe,Mantenimiento de Cámaras,SANTA FE                                          ,3510,,0,5437275.91602745,6355772.72893009,"{ ""type"": ""Feature"", ""properties"": { ""id"": 83051, ""tipo"": ""Cámara"", ""clasificacion"": ""Domo MR"", ""descripcionresumida"": ""Cafferata y Santa Fe"", ""responsable"": ""Mantenimiento de Cámaras"", ""calle"": ""SANTA FE                                          "", ""altura"": 3510, ""letra"": """", ""bis"": 0, ""coordenadax"": 5437275.916027, ""coordenaday"": 6355772.728930 }, ""geometry"": { ""type"": ""Point"", ""coordinates"": [ -60.670715, -32.939094 ] } }"
83052,Cámara,Domo MR,Gallo y Costanera,Mantenimiento de Cámaras,CARRASCO EUDORO                                   ,2394,,0,5435762.88270678,6361279.52833939,"{ ""type"": ""Feature"", ""properties"": { ""id"": 83052, ""tipo"": ""Cámara"", ""clasificacion"": ""Domo MR"", ""descripcionresumida"": ""Gallo y Costanera"", ""responsable"": ""Mantenimiento de Cámaras"", ""calle"": ""CARRASCO EUDORO                                   "", ""altura"": 2394, ""letra"": """", ""bis"": 0, ""coordenadax"": 5435762.882707, ""coordenaday"": 6361279.528339 }, ""geometry"": { ""type"": ""Point"", ""coordinates"": [ -60.686510, -32.889356 ] } }"
83053,Cámara,Domo MR,Colombres y Puccio,Mantenimiento de Cámaras,COLOMBRES,0,,0,5435860.51517996,6360835.94710452,"{ ""type"": ""Feature"", ""properties"": { ""id"": 83053, ""tipo"": ""Cámara"", ""clasificacion"": ""Domo MR"", ""descripcionresumida"": ""Colombres y Puccio"", ""responsable"": ""Mantenimiento de Cámaras"", ""calle"": ""COLOMBRES"", ""altura"": 0, ""letra"": """", ""bis"": 0, ""coordenadax"": 5435860.515180, ""coordenaday"": 6360835.947105 }, ""geometry"": { ""type"": ""Point"", ""coordinates"": [ -60.685497, -32.893361 ] } }"
83054,Cámara,Domo MR,Av. Belgrano y Santa Fe,Mantenimiento de Cámaras,AV. BELGRANO,0,,0,5441207.30630907,6354838.96771995,"{ ""type"": ""Feature"", ""properties"": { ""id"": 83054, ""tipo"": ""Cámara"", ""clasificacion"": ""Domo MR"", ""descripcionresumida"": ""Av. Belgrano y Santa Fe"", ""responsable"": ""Mantenimiento de Cámaras"", ""calle"": ""AV. BELGRANO"", ""altura"": 0, ""letra"": """", ""bis"": 0, ""coordenadax"": 5441207.306309, ""coordenaday"": 6354838.967720 }, ""geometry"": { ""type"": ""Point"", ""coordinates"": [ -60.628738, -32.947732 ] } }"
83055,Cámara,Domo MR,Cordoba y Paraguay,Mantenimiento de Cámaras,CORDOBA,0,,0,5439796.62451814,6355102.62153842,"{ ""type"": ""Feature"", ""properties"": { ""id"": 83055, ""tipo"": ""Cámara"", ""clasificacion"": ""Domo MR"", ""descripcionresumida"": ""Cordoba y Paraguay"", ""responsable"": ""Mantenimiento de Cámaras"", ""calle"": ""CORDOBA"", ""altura"": 0, ""letra"": """", ""bis"": 0, ""coordenadax"": 5439796.624518, ""coordenaday"": 6355102.621538 }, ""geometry"": { ""type"": ""Point"", ""coordinates"": [ -60.643806, -32.945278 ] } }"
83056,Cámara,Domo MR,Sarmiento y Mario Armas,Mantenimiento de Cámaras,SARMIENTO,0,,0,5440510.20053972,6355792.38201621,"{ ""type"": ""Feature"", ""properties"": { ""id"": 83056, ""tipo"": ""Cámara"", ""clasificacion"": ""Domo MR"", ""descripcionresumida"": ""Sarmiento y Mario Armas"", ""responsable"": ""Mantenimiento de Cámaras"", ""calle"": ""SARMIENTO"", ""altura"": 0, ""letra"": """", ""bis"": 0, ""coordenadax"": 5440510.200540, ""coordenaday"": 6355792.382016 }, ""geometry"": { ""type"": ""Point"", ""coordinates"": [ -60.636131, -32.939098 ] } }"
83059,Cámara,Domo MR,Corrientes y Santa Fe,Mantenimiento de Cámaras,SANTA FE                                          ,1392,,0,5439973.86647853,6355214.50828656,"{ ""type"": ""Feature"", ""properties"": { ""id"": 83059, ""tipo"": ""Cámara"", ""clasificacion"": ""Domo MR"", ""descripcionresumida"": ""Corrientes y Santa Fe"", ""responsable"": ""Mantenimiento de Cámaras"", ""calle"": ""SANTA FE                                          "", ""altura"": 1392, ""letra"": """", ""bis"": 0, ""coordenadax"": 5439973.866479, ""coordenaday"": 6355214.508287 }, ""geometry"": { ""type"": ""Point"", ""coordinates"": [ -60.641903, -32.944279 ] } }"
83060,Cámara,Domo MR,Entre Rios y San Lorenzo,Mantenimiento de Cámaras,SAN LORENZO                                       ,1307,,0,5440105.96854236,6355284.14916986,"{ ""type"": ""Feature"", ""properties"": { ""id"": 83060, ""tipo"": ""Cámara"", ""clasificacion"": ""Domo MR"", ""descripcionresumida"": ""Entre Rios y San Lorenzo"", ""responsable"": ""Mantenimiento de Cámaras"", ""calle"": ""SAN LORENZO                                       "", ""altura"": 1307, ""letra"": """", ""bis"": 0, ""coordenadax"": 5440105.968542, ""coordenaday"": 6355284.149170 }, ""geometry"": { ""type"": ""Point"", ""coordinates"": [ -60.640486, -32.943658 ] } }"
83061,Cámara,Domo MR,Laprida y 3 de Febrero,Mantenimiento de Cámaras,LAPRIDA FRANCISCO NARCISO                         ,1293,,0,5440568.27453171,6354206.23157294,"{ ""type"": ""Feature"", ""properties"": { ""id"": 83061, ""tipo"": ""Cámara"", ""clasificacion"": ""Domo MR"", ""descripcionresumida"": ""Laprida y 3 de Febrero"", ""responsable"": ""Mantenimiento de Cámaras"", ""calle"": ""LAPRIDA FRANCISCO NARCISO                         "", ""altura"": 1293, ""letra"": """", ""bis"": 0, ""coordenadax"": 5440568.274532, ""coordenaday"": 6354206.231573 }, ""geometry"": { ""type"": ""Point"", ""coordinates"": [ -60.635612, -32.953402 ] } }"
83062,Cámara,Domo MR,Laprida y San Juan,Mantenimiento de Cámaras,LAPRIDA FRANCISCO NARCISO                         ,1107,,0,5440631.20483738,6354466.20431997,"{ ""type"": ""Feature"", ""properties"": { ""id"": 83062, ""tipo"": ""Cámara"", ""clasificacion"": ""Domo MR"", ""descripcionresumida"": ""Laprida y San Juan"", ""responsable"": ""Mantenimiento de Cámaras"", ""calle"": ""LAPRIDA FRANCISCO NARCISO                         "", ""altura"": 1107, ""letra"": """", ""bis"": 0, ""coordenadax"": 5440631.204837, ""coordenaday"": 6354466.204320 }, ""geometry"": { ""type"": ""Point"", ""coordinates"": [ -60.634923, -32.951062 ] } }"
83063,Cámara,Domo MR,Maipu y 9 de Julio,Mantenimiento de Cámaras,MAIPU,0,,0,5440429.60202853,6354103.72808225,"{ ""type"": ""Feature"", ""properties"": { ""id"": 83063, ""tipo"": ""Cámara"", ""clasificacion"": ""Domo MR"", ""descripcionresumida"": ""Maipu y 9 de Julio"", ""responsable"": ""Mantenimiento de Cámaras"", ""calle"": ""MAIPU"", ""altura"": 0, ""letra"": """", ""bis"": 0, ""coordenadax"": 5440429.602029, ""coordenaday"": 6354103.728082 }, ""geometry"": { ""type"": ""Point"", ""coordinates"": [ -60.637102, -32.954319 ] } }"
83065,Cámara,Domo MR,Presidente Roca y Santa Fe,Mantenimiento de Cámaras,SANTA FE                                          ,1611,,0,5439690.21097782,6355256.31270125,"{ ""type"": ""Feature"", ""properties"": { ""id"": 83065, ""tipo"": ""Cámara"", ""clasificacion"": ""Domo MR"", ""descripcionresumida"": ""Presidente Roca y Santa Fe"", ""responsable"": ""Mantenimiento de Cámaras"", ""calle"": ""SANTA FE                                          "", ""altura"": 1611, ""letra"": """", ""bis"": 0, ""coordenadax"": 5439690.210978, ""coordenaday"": 6355256.312701 }, ""geometry"": { ""type"": ""Point"", ""coordinates"": [ -60.644934, -32.943886 ] } }"
83066,Cámara,Domo MR,San Luis y Maipu,Mantenimiento de Cámaras,SAN LUIS                                          ,894,,0,5440547.09893122,6354638.69102183,"{ ""type"": ""Feature"", ""properties"": { ""id"": 83066, ""tipo"": ""Cámara"", ""clasificacion"": ""Domo MR"", ""descripcionresumida"": ""San Luis y Maipu"", ""responsable"": ""Mantenimiento de Cámaras"", ""calle"": ""SAN LUIS                                          "", ""altura"": 894, ""letra"": """", ""bis"": 0, ""coordenadax"": 5440547.098931, ""coordenaday"": 6354638.691022 }, ""geometry"": { ""type"": ""Point"", ""coordinates"": [ -60.635811, -32.949502 ] } }"
83067,Cámara,Domo MR,Santa Fe y Mitre,Mantenimiento de Cámaras,SANTA FE                                          ,1193,,0,5440232.42564951,6355148.1481301,"{ ""type"": ""Feature"", ""properties"": { ""id"": 83067, ""tipo"": ""Cámara"", ""clasificacion"": ""Domo MR"", ""descripcionresumida"": ""Santa Fe y Mitre"", ""responsable"": ""Mantenimiento de Cámaras"", ""calle"": ""SANTA FE                                          "", ""altura"": 1193, ""letra"": """", ""bis"": 0, ""coordenadax"": 5440232.425650, ""coordenaday"": 6355148.148130 }, ""geometry"": { ""type"": ""Point"", ""coordinates"": [ -60.639143, -32.944891 ] } }"
83069,Cámara,Domo MR,Cordoba y Cafferata,Mantenimiento de Cámaras,CORDOBA                                           ,3466,,0,5437288.14419112,6355619.42951246,"{ ""type"": ""Feature"", ""properties"": { ""id"": 83069, ""tipo"": ""Cámara"", ""clasificacion"": ""Domo MR"", ""descripcionresumida"": ""Cordoba y Cafferata"", ""responsable"": ""Mantenimiento de Cámaras"", ""calle"": ""CORDOBA                                           "", ""altura"": 3466, ""letra"": """", ""bis"": 0, ""coordenadax"": 5437288.144191, ""coordenaday"": 6355619.429512 }, ""geometry"": { ""type"": ""Point"", ""coordinates"": [ -60.670595, -32.940477 ] } }"
83070,Cámara,Domo MR,Washington y Colombres,Mantenimiento de Cámaras,WASHINGTON,0,,0,5436073.47855309,6360143.58323766,"{ ""type"": ""Feature"", ""properties"": { ""id"": 83070, ""tipo"": ""Cámara"", ""clasificacion"": ""Domo MR"", ""descripcionresumida"": ""Washington y Colombres"", ""responsable"": ""Mantenimiento de Cámaras"", ""calle"": ""WASHINGTON"", ""altura"": 0, ""letra"": """", ""bis"": 0, ""coordenadax"": 5436073.478553, ""coordenaday"": 6360143.583238 }, ""geometry"": { ""type"": ""Point"", ""coordinates"": [ -60.683269, -32.899616 ] } }"
83072,Cámara,Domo MR,Pellegrini y Crespo,Mantenimiento de Cámaras,PELLEGRINI CARLOS                                 ,3316,,0,5437249.07371697,6354380.60717433,"{ ""type"": ""Feature"", ""properties"": { ""id"": 83072, ""tipo"": ""Cámara"", ""clasificacion"": ""Domo MR"", ""descripcionresumida"": ""Pellegrini y Crespo"", ""responsable"": ""Mantenimiento de Cámaras"", ""calle"": ""PELLEGRINI CARLOS                                 "", ""altura"": 3316, ""letra"": """", ""bis"": 0, ""coordenadax"": 5437249.073717, ""coordenaday"": 6354380.607174 }, ""geometry"": { ""type"": ""Point"", ""coordinates"": [ -60.671097, -32.951645 ] } }"
83074,Cámara,Domo MR,Avenida de Los Inmigrantes,Mantenimiento de Cámaras,ESTEVEZ BOERO GUILLERMO                           ,584,,0,5441220.17916853,6355040.48064029,"{ ""type"": ""Feature"", ""properties"": { ""id"": 83074, ""tipo"": ""Cámara"", ""clasificacion"": ""Domo MR"", ""descripcionresumida"": ""Avenida de Los Inmigrantes"", ""responsable"": ""Mantenimiento de Cámaras"", ""calle"": ""ESTEVEZ BOERO GUILLERMO                           "", ""altura"": 584, ""letra"": """", ""bis"": 0, ""coordenadax"": 5441220.179169, ""coordenaday"": 6355040.480640 }, ""geometry"": { ""type"": ""Point"", ""coordinates"": [ -60.628587, -32.945916 ] } }"
83075,Cámara,Domo MR,Francia y Brigadier Lopez,Mantenimiento de Cámaras,FRANCIA                                           ,280,,1,5438146.20338278,6357275.2024067,"{ ""type"": ""Feature"", ""properties"": { ""id"": 83075, ""tipo"": ""Cámara"", ""clasificacion"": ""Domo MR"", ""descripcionresumida"": ""Francia y Brigadier Lopez"", ""responsable"": ""Mantenimiento de Cámaras"", ""calle"": ""FRANCIA                                           "", ""altura"": 280, ""letra"": """", ""bis"": 1, ""coordenadax"": 5438146.203383, ""coordenaday"": 6357275.202407 }, ""geometry"": { ""type"": ""Point"", ""coordinates"": [ -60.661309, -32.925597 ] } }"
83077,Cámara,Domo MR,Sabin y Carballo,Mantenimiento de Cámaras,SABIN ALBERT                                      ,532,,1,5435817.76031932,6357682.26107281,"{ ""type"": ""Feature"", ""properties"": { ""id"": 83077, ""tipo"": ""Cámara"", ""clasificacion"": ""Domo MR"", ""descripcionresumida"": ""Sabin y Carballo"", ""responsable"": ""Mantenimiento de Cámaras"", ""calle"": ""SABIN ALBERT                                      "", ""altura"": 532, ""letra"": """", ""bis"": 1, ""coordenadax"": 5435817.760319, ""coordenaday"": 6357682.261073 }, ""geometry"": { ""type"": ""Point"", ""coordinates"": [ -60.686173, -32.921793 ] } }"
83078,Cámara,Domo MR,Circuito Parque Alem,Mantenimiento de Cámaras,DEMIDDI ALBERTO                                   ,232,,0,5436285.96600662,6358918.10093199,"{ ""type"": ""Feature"", ""properties"": { ""id"": 83078, ""tipo"": ""Cámara"", ""clasificacion"": ""Domo MR"", ""descripcionresumida"": ""Circuito Parque Alem"", ""responsable"": ""Mantenimiento de Cámaras"", ""calle"": ""DEMIDDI ALBERTO                                   "", ""altura"": 232, ""letra"": """", ""bis"": 0, ""coordenadax"": 5436285.966007, ""coordenaday"": 6358918.100932 }, ""geometry"": { ""type"": ""Point"", ""coordinates"": [ -60.681083, -32.910678 ] } }"
83080,Cámara,Domo MR,Cordoba y España,Mantenimiento de Cámaras,ESPAÑA                                            ,810,,0,5439531.8630993,6355133.18602816,"{ ""type"": ""Feature"", ""properties"": { ""id"": 83080, ""tipo"": ""Cámara"", ""clasificacion"": ""Domo MR"", ""descripcionresumida"": ""Cordoba y España"", ""responsable"": ""Mantenimiento de Cámaras"", ""calle"": ""ESPAÑA                                            "", ""altura"": 810, ""letra"": """", ""bis"": 0, ""coordenadax"": 5439531.863099, ""coordenaday"": 6355133.186028 }, ""geometry"": { ""type"": ""Point"", ""coordinates"": [ -60.646635, -32.944988 ] } }"
83082,Cámara,Domo MR,Francia y Mendoza (DOMO),Mantenimiento de Cámaras,FRANCIA                                           ,1192,,0,5437628.721533,6354951.30451992,"{ ""type"": ""Feature"", ""properties"": { ""id"": 83082, ""tipo"": ""Cámara"", ""clasificacion"": ""Domo MR"", ""descripcionresumida"": ""Francia y Mendoza (DOMO)"", ""responsable"": ""Mantenimiento de Cámaras"", ""calle"": ""FRANCIA                                           "", ""altura"": 1192, ""letra"": """", ""bis"": 0, ""coordenadax"": 5437628.721533, ""coordenaday"": 6354951.304520 }, ""geometry"": { ""type"": ""Point"", ""coordinates"": [ -60.666998, -32.946521 ] } }"
83085,Cámara,Domo MR,Avellaneda y 9 de Julio,Mantenimiento de Cámaras,AVELLANEDA NICOLAS                                ,1415,,0,5436317.1399245,6354929.49514265,"{ ""type"": ""Feature"", ""properties"": { ""id"": 83085, ""tipo"": ""Cámara"", ""clasificacion"": ""Domo MR"", ""descripcionresumida"": ""Avellaneda y 9 de Julio"", ""responsable"": ""Mantenimiento de Cámaras"", ""calle"": ""AVELLANEDA NICOLAS                                "", ""altura"": 1415, ""letra"": """", ""bis"": 0, ""coordenadax"": 5436317.139925, ""coordenaday"": 6354929.495143 }, ""geometry"": { ""type"": ""Point"", ""coordinates"": [ -60.681025, -32.946642 ] } }"
83088,Cámara,Domo MR,Hospital Roque Saenz Peña [Laprida 5300],Mantenimiento de Cámaras,LAPRIDA FRANCISCO NARCISO                         ,5351,,0,5439532.13959389,6349112.4060804,"{ ""type"": ""Feature"", ""properties"": { ""id"": 83088, ""tipo"": ""Cámara"", ""clasificacion"": ""Domo MR"", ""descripcionresumida"": ""Hospital Roque Saenz Peña [Laprida 5300]"", ""responsable"": ""Mantenimiento de Cámaras"", ""calle"": ""LAPRIDA FRANCISCO NARCISO                         "", ""altura"": 5351, ""letra"": """", ""bis"": 0, ""coordenadax"": 5439532.139594, ""coordenaday"": 6349112.406080 }, ""geometry"": { ""type"": ""Point"", ""coordinates"": [ -60.647028, -32.999273 ] } }"
83089,Cámara,Domo MR,Callao y Rivadavia,Mantenimiento de Cámaras,DEL VALLE ARISTOBULO                              ,2747,,0,5438476.36380167,6356667.37319601,"{ ""type"": ""Feature"", ""properties"": { ""id"": 83089, ""tipo"": ""Cámara"", ""clasificacion"": ""Domo MR"", ""descripcionresumida"": ""Callao y Rivadavia"", ""responsable"": ""Mantenimiento de Cámaras"", ""calle"": ""DEL VALLE ARISTOBULO                              "", ""altura"": 2747, ""letra"": """", ""bis"": 0, ""coordenadax"": 5438476.363802, ""coordenaday"": 6356667.373196 }, ""geometry"": { ""type"": ""Point"", ""coordinates"": [ -60.657819, -32.931096 ] } }"
83090,Cámara,Domo MR,Salta y Ovidio Lagos,Mantenimiento de Cámaras,LAGOS OVIDIO                                      ,211,,0,5438313.52045143,6356187.98941328,"{ ""type"": ""Feature"", ""properties"": { ""id"": 83090, ""tipo"": ""Cámara"", ""clasificacion"": ""Domo MR"", ""descripcionresumida"": ""Salta y Ovidio Lagos"", ""responsable"": ""Mantenimiento de Cámaras"", ""calle"": ""LAGOS OVIDIO                                      "", ""altura"": 211, ""letra"": """", ""bis"": 0, ""coordenadax"": 5438313.520451, ""coordenaday"": 6356187.989413 }, ""geometry"": { ""type"": ""Point"", ""coordinates"": [ -60.659593, -32.935409 ] } }"
83091,Cámara,Domo MR,Salta y Francia,Mantenimiento de Cámaras,FRANCIA                                           ,190,,0,5437905.97558064,6356296.52679317,"{ ""type"": ""Feature"", ""properties"": { ""id"": 83091, ""tipo"": ""Cámara"", ""clasificacion"": ""Domo MR"", ""descripcionresumida"": ""Salta y Francia"", ""responsable"": ""Mantenimiento de Cámaras"", ""calle"": ""FRANCIA                                           "", ""altura"": 190, ""letra"": """", ""bis"": 0, ""coordenadax"": 5437905.975581, ""coordenaday"": 6356296.526793 }, ""geometry"": { ""type"": ""Point"", ""coordinates"": [ -60.663943, -32.934408 ] } }"
83094,Cámara,Domo MR,Sabin y Genova,Mantenimiento de Cámaras,CORAZZI ALFONSO                                   ,1118,,1,5435334.0022349,6358405.01513494,"{ ""type"": ""Feature"", ""properties"": { ""id"": 83094, ""tipo"": ""Cámara"", ""clasificacion"": ""Domo MR"", ""descripcionresumida"": ""Sabin y Genova"", ""responsable"": ""Mantenimiento de Cámaras"", ""calle"": ""CORAZZI ALFONSO                                   "", ""altura"": 1118, ""letra"": """", ""bis"": 1, ""coordenadax"": 5435334.002235, ""coordenaday"": 6358405.015135 }, ""geometry"": { ""type"": ""Point"", ""coordinates"": [ -60.691294, -32.915248 ] } }"
83095,Cámara,Domo MR,Sabin y Velez Sarfield,Mantenimiento de Cámaras,SABIN ALBERT                                      ,288,,1,5436246.04429541,6357310.84303006,"{ ""type"": ""Feature"", ""properties"": { ""id"": 83095, ""tipo"": ""Cámara"", ""clasificacion"": ""Domo MR"", ""descripcionresumida"": ""Sabin y Velez Sarfield"", ""responsable"": ""Mantenimiento de Cámaras"", ""calle"": ""SABIN ALBERT                                      "", ""altura"": 288, ""letra"": """", ""bis"": 1, ""coordenadax"": 5436246.044295, ""coordenaday"": 6357310.843030 }, ""geometry"": { ""type"": ""Point"", ""coordinates"": [ -60.681620, -32.925167 ] } }"
83097,Cámara,Domo MR,Puccio y Agrelo,Mantenimiento de Cámaras,AGRELO DR. PEDRO JOSE                             ,1938,,0,5435378.14292324,6360685.81620101,"{ ""type"": ""Feature"", ""properties"": { ""id"": 83097, ""tipo"": ""Cámara"", ""clasificacion"": ""Domo MR"", ""descripcionresumida"": ""Puccio y Agrelo"", ""responsable"": ""Mantenimiento de Cámaras"", ""calle"": ""AGRELO DR. PEDRO JOSE                             "", ""altura"": 1938, ""letra"": """", ""bis"": 0, ""coordenadax"": 5435378.142923, ""coordenaday"": 6360685.816201 }, ""geometry"": { ""type"": ""Point"", ""coordinates"": [ -60.690663, -32.894686 ] } }"
83098,Cámara,Domo MR,Avellaneda y Junin,Mantenimiento de Cámaras,AVELLANEDA,0,,0,5436751.6108392,6357142.93925632,"{ ""type"": ""Feature"", ""properties"": { ""id"": 83098, ""tipo"": ""Cámara"", ""clasificacion"": ""Domo MR"", ""descripcionresumida"": ""Avellaneda y Junin"", ""responsable"": ""Mantenimiento de Cámaras"", ""calle"": ""AVELLANEDA"", ""altura"": 0, ""letra"": """", ""bis"": 0, ""coordenadax"": 5436751.610839, ""coordenaday"": 6357142.939256 }, ""geometry"": { ""type"": ""Point"", ""coordinates"": [ -60.676227, -32.926710 ] } }"
83099,Cámara,Domo MR,Italia y Rueda,Mantenimiento de Cámaras,ITALIA                                            ,2911,,0,5438862.45657739,6352417.91234447,"{ ""type"": ""Feature"", ""properties"": { ""id"": 83099, ""tipo"": ""Cámara"", ""clasificacion"": ""Domo MR"", ""descripcionresumida"": ""Italia y Rueda"", ""responsable"": ""Mantenimiento de Cámaras"", ""calle"": ""ITALIA                                            "", ""altura"": 2911, ""letra"": """", ""bis"": 0, ""coordenadax"": 5438862.456577, ""coordenaday"": 6352417.912344 }, ""geometry"": { ""type"": ""Point"", ""coordinates"": [ -60.653974, -32.969432 ] } }"
83100,Cámara,Domo MR,Nave Monumento [Santa Fe y Juan Manuel de Rosas],Mantenimiento de Cámaras,NAVE MONUMENTO [SANTA FE,0,,0,5440910.06243276,6354899.33125276,"{ ""type"": ""Feature"", ""properties"": { ""id"": 83100, ""tipo"": ""Cámara"", ""clasificacion"": ""Domo MR"", ""descripcionresumida"": ""Nave Monumento [Santa Fe y Juan Manuel de Rosas]"", ""responsable"": ""Mantenimiento de Cámaras"", ""calle"": ""NAVE MONUMENTO [SANTA FE"", ""altura"": 0, ""letra"": """", ""bis"": 0, ""coordenadax"": 5440910.062433, ""coordenaday"": 6354899.331253 }, ""geometry"": { ""type"": ""Point"", ""coordinates"": [ -60.631913, -32.947172 ] } }"
83102,Cámara,Domo MR,Provincias Unidas y 27 de Febrero,Mantenimiento de Cámaras,PROVINCIAS UNIDAS                                 ,2588,,0,5433429.41293575,6353519.66492273,"{ ""type"": ""Feature"", ""properties"": { ""id"": 83102, ""tipo"": ""Cámara"", ""clasificacion"": ""Domo MR"", ""descripcionresumida"": ""Provincias Unidas y 27 de Febrero"", ""responsable"": ""Mantenimiento de Cámaras"", ""calle"": ""PROVINCIAS UNIDAS                                 "", ""altura"": 2588, ""letra"": """", ""bis"": 0, ""coordenadax"": 5433429.412936, ""coordenaday"": 6353519.664923 }, ""geometry"": { ""type"": ""Point"", ""coordinates"": [ -60.712006, -32.959181 ] } }"
83104,Cámara,Domo MR,Sabin y Oscar Alvarez,Mantenimiento de Cámaras,PACHECO GRAL. ANGEL                               ,201,,0,5435240.37414943,6358858.2028102,"{ ""type"": ""Feature"", ""properties"": { ""id"": 83104, ""tipo"": ""Cámara"", ""clasificacion"": ""Domo MR"", ""descripcionresumida"": ""Sabin y Oscar Alvarez"", ""responsable"": ""Mantenimiento de Cámaras"", ""calle"": ""PACHECO GRAL. ANGEL                               "", ""altura"": 201, ""letra"": """", ""bis"": 0, ""coordenadax"": 5435240.374149, ""coordenaday"": 6358858.202810 }, ""geometry"": { ""type"": ""Point"", ""coordinates"": [ -60.692263, -32.911156 ] } }"
83106,Cámara,Domo MR,Provincias Unidas y Mendoza,Mantenimiento de Cámaras,PROVINCIAS UNIDAS,0,,0,5433356.15612494,6355669.84299772,"{ ""type"": ""Feature"", ""properties"": { ""id"": 83106, ""tipo"": ""Cámara"", ""clasificacion"": ""Domo MR"", ""descripcionresumida"": ""Provincias Unidas y Mendoza"", ""responsable"": ""Mantenimiento de Cámaras"", ""calle"": ""PROVINCIAS UNIDAS"", ""altura"": 0, ""letra"": """", ""bis"": 0, ""coordenadax"": 5433356.156125, ""coordenaday"": 6355669.842998 }, ""geometry"": { ""type"": ""Point"", ""coordinates"": [ -60.712634, -32.939790 ] } }"
83107,Cámara,Domo MR,Provincias Unidas y Pellegrini,Mantenimiento de Cámaras,PROVINCIAS UNIDAS                                 ,1711,,0,5433417.78126787,6354676.27025422,"{ ""type"": ""Feature"", ""properties"": { ""id"": 83107, ""tipo"": ""Cámara"", ""clasificacion"": ""Domo MR"", ""descripcionresumida"": ""Provincias Unidas y Pellegrini"", ""responsable"": ""Mantenimiento de Cámaras"", ""calle"": ""PROVINCIAS UNIDAS                                 "", ""altura"": 1711, ""letra"": """", ""bis"": 0, ""coordenadax"": 5433417.781268, ""coordenaday"": 6354676.270254 }, ""geometry"": { ""type"": ""Point"", ""coordinates"": [ -60.712047, -32.948752 ] } }"
83113,Cámara,Domo MR,Presidente Peron y Felipe More,Mantenimiento de Cámaras,MORE FELIPE                                       ,2609,,0,5435214.73570718,6353570.98841187,"{ ""type"": ""Feature"", ""properties"": { ""id"": 83113, ""tipo"": ""Cámara"", ""clasificacion"": ""Domo MR"", ""descripcionresumida"": ""Presidente Peron y Felipe More"", ""responsable"": ""Mantenimiento de Cámaras"", ""calle"": ""MORE FELIPE                                       "", ""altura"": 2609, ""letra"": """", ""bis"": 0, ""coordenadax"": 5435214.735707, ""coordenaday"": 6353570.988412 }, ""geometry"": { ""type"": ""Point"", ""coordinates"": [ -60.692909, -32.958825 ] } }"
83116,Cámara,Domo MR,Provincias Unidas y Eva Peron,Mantenimiento de Cámaras,PROVINCIAS UNIDAS                                 ,422,,0,5433299.37685387,6356454.52361627,"{ ""type"": ""Feature"", ""properties"": { ""id"": 83116, ""tipo"": ""Cámara"", ""clasificacion"": ""Domo MR"", ""descripcionresumida"": ""Provincias Unidas y Eva Peron"", ""responsable"": ""Mantenimiento de Cámaras"", ""calle"": ""PROVINCIAS UNIDAS                                 "", ""altura"": 422, ""letra"": """", ""bis"": 0, ""coordenadax"": 5433299.376854, ""coordenaday"": 6356454.523616 }, ""geometry"": { ""type"": ""Point"", ""coordinates"": [ -60.713184, -32.932712 ] } }"
83118,Cámara,Domo MR,Provincias Unidas y Junin,Mantenimiento de Cámaras,JUNIN                                             ,6687,,0,5433316.97347963,6357011.75009711,"{ ""type"": ""Feature"", ""properties"": { ""id"": 83118, ""tipo"": ""Cámara"", ""clasificacion"": ""Domo MR"", ""descripcionresumida"": ""Provincias Unidas y Junin"", ""responsable"": ""Mantenimiento de Cámaras"", ""calle"": ""JUNIN                                             "", ""altura"": 6687, ""letra"": """", ""bis"": 0, ""coordenadax"": 5433316.973480, ""coordenaday"": 6357011.750097 }, ""geometry"": { ""type"": ""Point"", ""coordinates"": [ -60.712956, -32.927689 ] } }"
83119,Cámara,Domo MR,Oroño y Segui,Mantenimiento de Cámaras,OROÑO NICASIO                                     ,3610,,0,5438138.44893753,6351629.07151902,"{ ""type"": ""Feature"", ""properties"": { ""id"": 83119, ""tipo"": ""Cámara"", ""clasificacion"": ""Domo MR"", ""descripcionresumida"": ""Oroño y Segui"", ""responsable"": ""Mantenimiento de Cámaras"", ""calle"": ""OROÑO NICASIO                                     "", ""altura"": 3610, ""letra"": """", ""bis"": 0, ""coordenadax"": 5438138.448938, ""coordenaday"": 6351629.071519 }, ""geometry"": { ""type"": ""Point"", ""coordinates"": [ -60.661771, -32.976504 ] } }"
83121,Cámara,Domo MR,Pellegrini y Presidente Roca (DOMO),Mantenimiento de Cámaras,PELLEGRINI CARLOS                                 ,1585,,0,5439441.47223405,6353886.95720218,"{ ""type"": ""Feature"", ""properties"": { ""id"": 83121, ""tipo"": ""Cámara"", ""clasificacion"": ""Domo MR"", ""descripcionresumida"": ""Pellegrini y Presidente Roca (DOMO)"", ""responsable"": ""Mantenimiento de Cámaras"", ""calle"": ""PELLEGRINI CARLOS                                 "", ""altura"": 1585, ""letra"": """", ""bis"": 0, ""coordenadax"": 5439441.472234, ""coordenaday"": 6353886.957202 }, ""geometry"": { ""type"": ""Point"", ""coordinates"": [ -60.647684, -32.956219 ] } }"
83123,Cámara,Domo MR,Paraguay y San Lorenzo,Mantenimiento de Cámaras,SAN LORENZO                                       ,1516,,0,5439840.52791651,6355354.93333979,"{ ""type"": ""Feature"", ""properties"": { ""id"": 83123, ""tipo"": ""Cámara"", ""clasificacion"": ""Domo MR"", ""descripcionresumida"": ""Paraguay y San Lorenzo"", ""responsable"": ""Mantenimiento de Cámaras"", ""calle"": ""SAN LORENZO                                       "", ""altura"": 1516, ""letra"": """", ""bis"": 0, ""coordenadax"": 5439840.527917, ""coordenaday"": 6355354.933340 }, ""geometry"": { ""type"": ""Point"", ""coordinates"": [ -60.643320, -32.943006 ] } }"
83124,Cámara,Domo MR,Alberdi y Juan Jose Paso,Mantenimiento de Cámaras,PASO JUAN JOSE                                    ,1296,,0,5436190.57018709,6357969.37437821,"{ ""type"": ""Feature"", ""properties"": { ""id"": 83124, ""tipo"": ""Cámara"", ""clasificacion"": ""Domo MR"", ""descripcionresumida"": ""Alberdi y Juan Jose Paso"", ""responsable"": ""Mantenimiento de Cámaras"", ""calle"": ""PASO JUAN JOSE                                    "", ""altura"": 1296, ""letra"": """", ""bis"": 0, ""coordenadax"": 5436190.570187, ""coordenaday"": 6357969.374378 }, ""geometry"": { ""type"": ""Point"", ""coordinates"": [ -60.682168, -32.919226 ] } }"
83125,Cámara,Domo MR,Galpones Estevez Boero,Mantenimiento de Cámaras,ESTEVEZ BOERO GUILLERMO                           ,816,,0,5440948.17708901,6355329.18460189,"{ ""type"": ""Feature"", ""properties"": { ""id"": 83125, ""tipo"": ""Cámara"", ""clasificacion"": ""Domo MR"", ""descripcionresumida"": ""Galpones Estevez Boero"", ""responsable"": ""Mantenimiento de Cámaras"", ""calle"": ""ESTEVEZ BOERO GUILLERMO                           "", ""altura"": 816, ""letra"": """", ""bis"": 0, ""coordenadax"": 5440948.177089, ""coordenaday"": 6355329.184602 }, ""geometry"": { ""type"": ""Point"", ""coordinates"": [ -60.631478, -32.943298 ] } }"
83127,Cámara,Domo MR,Rambla Florida,Mantenimiento de Cámaras,CARRASCO EUDORO                                   ,2674,,0,5435741.87483433,6361488.79896944,"{ ""type"": ""Feature"", ""properties"": { ""id"": 83127, ""tipo"": ""Cámara"", ""clasificacion"": ""Domo MR"", ""descripcionresumida"": ""Rambla Florida"", ""responsable"": ""Mantenimiento de Cámaras"", ""calle"": ""CARRASCO EUDORO                                   "", ""altura"": 2674, ""letra"": """", ""bis"": 0, ""coordenadax"": 5435741.874834, ""coordenaday"": 6361488.798969 }, ""geometry"": { ""type"": ""Point"", ""coordinates"": [ -60.686719, -32.887468 ] } }"
83128,Cámara,Domo MR,Eva Peron y Donado,Mantenimiento de Cámaras,PERON EVA                                         ,7709,,0,5431954.55885201,6356706.0770734,"{ ""type"": ""Feature"", ""properties"": { ""id"": 83128, ""tipo"": ""Cámara"", ""clasificacion"": ""Domo MR"", ""descripcionresumida"": ""Eva Peron y Donado"", ""responsable"": ""Mantenimiento de Cámaras"", ""calle"": ""PERON EVA                                         "", ""altura"": 7709, ""letra"": """", ""bis"": 0, ""coordenadax"": 5431954.558852, ""coordenaday"": 6356706.077073 }, ""geometry"": { ""type"": ""Point"", ""coordinates"": [ -60.727544, -32.930361 ] } }"
83130,Cámara,Domo MR,Salta y Oroño,Mantenimiento de Cámaras,SALTA,0,,0,5439088.83464236,6356049.32910753,"{ ""type"": ""Feature"", ""properties"": { ""id"": 83130, ""tipo"": ""Cámara"", ""clasificacion"": ""Domo MR"", ""descripcionresumida"": ""Salta y Oroño"", ""responsable"": ""Mantenimiento de Cámaras"", ""calle"": ""SALTA"", ""altura"": 0, ""letra"": """", ""bis"": 0, ""coordenadax"": 5439088.834642, ""coordenaday"": 6356049.329108 }, ""geometry"": { ""type"": ""Point"", ""coordinates"": [ -60.651312, -32.936703 ] } }"
83133,Cámara,Domo MR,Madre Plaza de Mayo 300,Mantenimiento de Cámaras,MADRES DE PLAZA 25 DE MAYO                        ,2837,,0,5438390.40314821,6357009.7120759,"{ ""type"": ""Feature"", ""properties"": { ""id"": 83133, ""tipo"": ""Cámara"", ""clasificacion"": ""Domo MR"", ""descripcionresumida"": ""Madre Plaza de Mayo 300"", ""responsable"": ""Mantenimiento de Cámaras"", ""calle"": ""MADRES DE PLAZA 25 DE MAYO                        "", ""altura"": 2837, ""letra"": """", ""bis"": 0, ""coordenadax"": 5438390.403148, ""coordenaday"": 6357009.712076 }, ""geometry"": { ""type"": ""Point"", ""coordinates"": [ -60.658716, -32.928005 ] } }"
83137,Cámara,Domo MR,Barrancas Parque España,Mantenimiento de Cámaras,ILLIA PTE. ARTURO U.                              ,1194,,0,5440438.99494622,6355934.00647775,"{ ""type"": ""Feature"", ""properties"": { ""id"": 83137, ""tipo"": ""Cámara"", ""clasificacion"": ""Domo MR"", ""descripcionresumida"": ""Barrancas Parque España"", ""responsable"": ""Mantenimiento de Cámaras"", ""calle"": ""ILLIA PTE. ARTURO U.                              "", ""altura"": 1194, ""letra"": """", ""bis"": 0, ""coordenadax"": 5440438.994946, ""coordenaday"": 6355934.006478 }, ""geometry"": { ""type"": ""Point"", ""coordinates"": [ -60.636883, -32.937817 ] } }"
83142,Cámara,Domo MR,Mendoza y Avellaneda (DOMO),Mantenimiento de Cámaras,AVELLANEDA NICOLAS                                ,1211,,0,5436390.71627742,6355183.58992229,"{ ""type"": ""Feature"", ""properties"": { ""id"": 83142, ""tipo"": ""Cámara"", ""clasificacion"": ""Domo MR"", ""descripcionresumida"": ""Mendoza y Avellaneda (DOMO)"", ""responsable"": ""Mantenimiento de Cámaras"", ""calle"": ""AVELLANEDA NICOLAS                                "", ""altura"": 1211, ""letra"": """", ""bis"": 0, ""coordenadax"": 5436390.716277, ""coordenaday"": 6355183.589922 }, ""geometry"": { ""type"": ""Point"", ""coordinates"": [ -60.680221, -32.944355 ] } }"
83144,Cámara,Domo MR,Warnes y Herrera,Mantenimiento de Cámaras,WARNES IGNACIO                                    ,1942,,0,5435109.67631183,6360622.88589533,"{ ""type"": ""Feature"", ""properties"": { ""id"": 83144, ""tipo"": ""Cámara"", ""clasificacion"": ""Domo MR"", ""descripcionresumida"": ""Warnes y Herrera"", ""responsable"": ""Mantenimiento de Cámaras"", ""calle"": ""WARNES IGNACIO                                    "", ""altura"": 1942, ""letra"": """", ""bis"": 0, ""coordenadax"": 5435109.676312, ""coordenaday"": 6360622.885895 }, ""geometry"": { ""type"": ""Point"", ""coordinates"": [ -60.693536, -32.895238 ] } }"
83391,Cámara,Domo MR,Pellegrini y Laprida,Mantenimiento de Cámaras,PELLEGRINI CARLOS                                 ,787,,0,5440457.32631506,6353675.15149006,"{ ""type"": ""Feature"", ""properties"": { ""id"": 83391, ""tipo"": ""Cámara"", ""clasificacion"": ""Domo MR"", ""descripcionresumida"": ""Pellegrini y Laprida"", ""responsable"": ""Mantenimiento de Cámaras"", ""calle"": ""PELLEGRINI CARLOS                                 "", ""altura"": 787, ""letra"": """", ""bis"": 0, ""coordenadax"": 5440457.326315, ""coordenaday"": 6353675.151490 }, ""geometry"": { ""type"": ""Point"", ""coordinates"": [ -60.636833, -32.958185 ] } }"
83394,Cámara,Domo MR,Francia y 27 de Febrero,Mantenimiento de Cámaras,FRANCIA,0,,0,5437279.5,6353154.7025,"{ ""type"": ""Feature"", ""properties"": { ""id"": 83394, ""tipo"": ""Cámara"", ""clasificacion"": ""Domo MR"", ""descripcionresumida"": ""Francia y 27 de Febrero"", ""responsable"": ""Mantenimiento de Cámaras"", ""calle"": ""FRANCIA"", ""altura"": 0, ""letra"": """", ""bis"": 0, ""coordenadax"": 5437279.500000, ""coordenaday"": 6353154.702500 }, ""geometry"": { ""type"": ""Point"", ""coordinates"": [ -60.670855, -32.962699 ] } }"
83129,Cámara,Domo MR,VEINTISIETE DE FEBRERO y MORENO MARIANO,Mantenimiento de Cámaras,VEINTISIETE DE FEBRERO,0,,0,5438679.23,6352867.015,"{ ""type"": ""Feature"", ""properties"": { ""id"": 83129, ""tipo"": ""Cámara"", ""clasificacion"": ""Domo MR"", ""descripcionresumida"": ""VEINTISIETE DE FEBRERO y MORENO MARIANO"", ""responsable"": ""Mantenimiento de Cámaras"", ""calle"": ""VEINTISIETE DE FEBRERO"", ""altura"": 0, ""letra"": """", ""bis"": 0, ""coordenadax"": 5438679.230000, ""coordenaday"": 6352867.015000 }, ""geometry"": { ""type"": ""Point"", ""coordinates"": [ -60.655903, -32.965373 ] } }"
103241,Cámara,Domo MR,Eva Perón y Rouillón,Mantenimiento de Cámaras,PERON EVA                                         ,5835,,0,5434264.91092298,6356227.80550716,"{ ""type"": ""Feature"", ""properties"": { ""id"": 103241, ""tipo"": ""Cámara"", ""clasificacion"": ""Domo MR"", ""descripcionresumida"": ""Eva Perón y Rouillón"", ""responsable"": ""Mantenimiento de Cámaras"", ""calle"": ""PERON EVA                                         "", ""altura"": 5835, ""letra"": """", ""bis"": 0, ""coordenadax"": 5434264.910923, ""coordenaday"": 6356227.805507 }, ""geometry"": { ""type"": ""Point"", ""coordinates"": [ -60.702877, -32.934814 ] } }"
103243,Cámara,Domo MR,Humberto Primo e Iguazu,Mantenimiento de Cámaras,HUMBERTO PRIMERO                                  ,1610,,0,5435852.88989462,6356811.47663614,"{ ""type"": ""Feature"", ""properties"": { ""id"": 103243, ""tipo"": ""Cámara"", ""clasificacion"": ""Domo MR"", ""descripcionresumida"": ""Humberto Primo e Iguazu"", ""responsable"": ""Mantenimiento de Cámaras"", ""calle"": ""HUMBERTO PRIMERO                                  "", ""altura"": 1610, ""letra"": """", ""bis"": 0, ""coordenadax"": 5435852.889895, ""coordenaday"": 6356811.476636 }, ""geometry"": { ""type"": ""Point"", ""coordinates"": [ -60.685858, -32.929646 ] } }"
103244,Cámara,Domo MR,Humberto Primo y Florida,Mantenimiento de Cámaras,HUMBERTO PRIMERO                                  ,1412,,0,5436090.59346631,6356823.10830402,"{ ""type"": ""Feature"", ""properties"": { ""id"": 103244, ""tipo"": ""Cámara"", ""clasificacion"": ""Domo MR"", ""descripcionresumida"": ""Humberto Primo y Florida"", ""responsable"": ""Mantenimiento de Cámaras"", ""calle"": ""HUMBERTO PRIMERO                                  "", ""altura"": 1412, ""letra"": """", ""bis"": 0, ""coordenadax"": 5436090.593466, ""coordenaday"": 6356823.108304 }, ""geometry"": { ""type"": ""Point"", ""coordinates"": [ -60.683316, -32.929555 ] } }"
103245,Cámara,Domo MR,Tte Agneta y Navarro,Mantenimiento de Cámaras,NAVARRO PRESB. DR. JULIAN                         ,5588,,0,5434526.78422441,6356648.78240985,"{ ""type"": ""Feature"", ""properties"": { ""id"": 103245, ""tipo"": ""Cámara"", ""clasificacion"": ""Domo MR"", ""descripcionresumida"": ""Tte Agneta y Navarro"", ""responsable"": ""Mantenimiento de Cámaras"", ""calle"": ""NAVARRO PRESB. DR. JULIAN                         "", ""altura"": 5588, ""letra"": """", ""bis"": 0, ""coordenadax"": 5434526.784224, ""coordenaday"": 6356648.782410 }, ""geometry"": { ""type"": ""Point"", ""coordinates"": [ -60.700048, -32.931034 ] } }"
104318,Cámara,Domo MR,LINIERS y COCHABAMBA,Mantenimiento de Cámaras,LINIERS SANTIAGO A DE                             ,1785,,0,5434726.13700155,6354632.59682744,"{ ""type"": ""Feature"", ""properties"": { ""id"": 104318, ""tipo"": ""Cámara"", ""clasificacion"": ""Domo MR"", ""descripcionresumida"": ""LINIERS y COCHABAMBA"", ""responsable"": ""Mantenimiento de Cámaras"", ""calle"": ""LINIERS SANTIAGO A DE                             "", ""altura"": 1785, ""letra"": """", ""bis"": 0, ""coordenadax"": 5434726.137002, ""coordenaday"": 6354632.596827 }, ""geometry"": { ""type"": ""Point"", ""coordinates"": [ -60.698059, -32.949225 ] } }"
104319,Cámara,Domo MR,ITUZAINGO y CAMILO ALDAO,Mantenimiento de Cámaras,ALDAO CAMILO                                      ,2014,,0,5434951.95042325,6354339.43405163,"{ ""type"": ""Feature"", ""properties"": { ""id"": 104319, ""tipo"": ""Cámara"", ""clasificacion"": ""Domo MR"", ""descripcionresumida"": ""ITUZAINGO y CAMILO ALDAO"", ""responsable"": ""Mantenimiento de Cámaras"", ""calle"": ""ALDAO CAMILO                                      "", ""altura"": 2014, ""letra"": """", ""bis"": 0, ""coordenadax"": 5434951.950423, ""coordenaday"": 6354339.434052 }, ""geometry"": { ""type"": ""Point"", ""coordinates"": [ -60.695665, -32.951881 ] } }"
104320,Cámara,Domo MR,RIOBAMBA y TTE. AGNETA,Mantenimiento de Cámaras,RIOBAMBA                                          ,5616,,0,5434595.50442388,6354097.68922006,"{ ""type"": ""Feature"", ""properties"": { ""id"": 104320, ""tipo"": ""Cámara"", ""clasificacion"": ""Domo MR"", ""descripcionresumida"": ""RIOBAMBA y TTE. AGNETA"", ""responsable"": ""Mantenimiento de Cámaras"", ""calle"": ""RIOBAMBA                                          "", ""altura"": 5616, ""letra"": """", ""bis"": 0, ""coordenadax"": 5434595.504424, ""coordenaday"": 6354097.689220 }, ""geometry"": { ""type"": ""Point"", ""coordinates"": [ -60.699494, -32.954040 ] } }"
104321,Cámara,Domo MR,GALVEZ JOSE y TTE. AGNETA ,Mantenimiento de Cámaras,AGNETA TTE. ALFREDO                               ,2712,,0,5434625.92570909,6353412.4646831,"{ ""type"": ""Feature"", ""properties"": { ""id"": 104321, ""tipo"": ""Cámara"", ""clasificacion"": ""Domo MR"", ""descripcionresumida"": ""GALVEZ JOSE y TTE. AGNETA "", ""responsable"": ""Mantenimiento de Cámaras"", ""calle"": ""AGNETA TTE. ALFREDO                               "", ""altura"": 2712, ""letra"": """", ""bis"": 0, ""coordenadax"": 5434625.925709, ""coordenaday"": 6353412.464683 }, ""geometry"": { ""type"": ""Point"", ""coordinates"": [ -60.699217, -32.960220 ] } }"
104322,Cámara,Domo MR,RICARDO NUÑEZ y CARRASCO (ex COSTANERA),Mantenimiento de Cámaras,CARRASCO EUDORO                                   ,3230,,0,5435652.83297466,6361797.4208944,"{ ""type"": ""Feature"", ""properties"": { ""id"": 104322, ""tipo"": ""Cámara"", ""clasificacion"": ""Domo MR"", ""descripcionresumida"": ""RICARDO NUÑEZ y CARRASCO (ex COSTANERA)"", ""responsable"": ""Mantenimiento de Cámaras"", ""calle"": ""CARRASCO EUDORO                                   "", ""altura"": 3230, ""letra"": """", ""bis"": 0, ""coordenadax"": 5435652.832975, ""coordenaday"": 6361797.420894 }, ""geometry"": { ""type"": ""Point"", ""coordinates"": [ -60.687650, -32.884680 ] } }"
104315,Cámara,Domo MR,LARRECHEA y MANUEL GARCIA,Mantenimiento de Cámaras,LARRECHEA PEDRO T DE,0,,0,5433396.87,6360232.59,"{ ""type"": ""Feature"", ""properties"": { ""id"": 104315, ""tipo"": ""Cámara"", ""clasificacion"": ""Domo MR"", ""descripcionresumida"": ""LARRECHEA y MANUEL GARCIA"", ""responsable"": ""Mantenimiento de Cámaras"", ""calle"": ""LARRECHEA PEDRO T DE"", ""altura"": 0, ""letra"": """", ""bis"": 0, ""coordenadax"": 5433396.870000, ""coordenaday"": 6360232.590000 }, ""geometry"": { ""type"": ""Point"", ""coordinates"": [ -60.711869, -32.898654 ] } }"
104314,Cámara,Domo MR,CAVIA y GHIRALDO,Mantenimiento de Cámaras,CAVIA PEDRO F SAENZ DE,0,,0,5433669.17,6360079.69,"{ ""type"": ""Feature"", ""properties"": { ""id"": 104314, ""tipo"": ""Cámara"", ""clasificacion"": ""Domo MR"", ""descripcionresumida"": ""CAVIA y GHIRALDO"", ""responsable"": ""Mantenimiento de Cámaras"", ""calle"": ""CAVIA PEDRO F SAENZ DE"", ""altura"": 0, ""letra"": """", ""bis"": 0, ""coordenadax"": 5433669.170000, ""coordenaday"": 6360079.690000 }, ""geometry"": { ""type"": ""Point"", ""coordinates"": [ -60.708970, -32.900049 ] } }"
104316,Cámara,Domo MR,CASIANO CASAS y SUPERI,Mantenimiento de Cámaras,CASAS CASIANO,0,,0,5433135.72,6360421.24,"{ ""type"": ""Feature"", ""properties"": { ""id"": 104316, ""tipo"": ""Cámara"", ""clasificacion"": ""Domo MR"", ""descripcionresumida"": ""CASIANO CASAS y SUPERI"", ""responsable"": ""Mantenimiento de Cámaras"", ""calle"": ""CASAS CASIANO"", ""altura"": 0, ""letra"": """", ""bis"": 0, ""coordenadax"": 5433135.720000, ""coordenaday"": 6360421.240000 }, ""geometry"": { ""type"": ""Point"", ""coordinates"": [ -60.714647, -32.896937 ] } }"
104330,Cámara,Domo MR,ENTRE RIOS y CERRITO,Mantenimiento de Cámaras,CERRITO                                           ,1312,,0,5439700.23088014,6353332.28073947,"{ ""type"": ""Feature"", ""properties"": { ""id"": 104330, ""tipo"": ""Cámara"", ""clasificacion"": ""Domo MR"", ""descripcionresumida"": ""ENTRE RIOS y CERRITO"", ""responsable"": ""Mantenimiento de Cámaras"", ""calle"": ""CERRITO                                           "", ""altura"": 1312, ""letra"": """", ""bis"": 0, ""coordenadax"": 5439700.230880, ""coordenaday"": 6353332.280739 }, ""geometry"": { ""type"": ""Point"", ""coordinates"": [ -60.644953, -32.961235 ] } }"
104328,Cámara,Domo MR,DORREGO MANUEL y RIOBAMBA,Mantenimiento de Cámaras,RIOBAMBA                                          ,1912,,0,5438900.62827575,6353362.25464828,"{ ""type"": ""Feature"", ""properties"": { ""id"": 104328, ""tipo"": ""Cámara"", ""clasificacion"": ""Domo MR"", ""descripcionresumida"": ""DORREGO MANUEL y RIOBAMBA"", ""responsable"": ""Mantenimiento de Cámaras"", ""calle"": ""RIOBAMBA                                          "", ""altura"": 1912, ""letra"": """", ""bis"": 0, ""coordenadax"": 5438900.628276, ""coordenaday"": 6353362.254648 }, ""geometry"": { ""type"": ""Point"", ""coordinates"": [ -60.653503, -32.960920 ] } }"
104323,Cámara,Domo MR,LAGOS RICARDO y RIVAROLA DR. RODOLFO,Mantenimiento de Cámaras,LAGOS RICARDO                                     ,3140,,0,5433111.77086421,6352792.91433608,"{ ""type"": ""Feature"", ""properties"": { ""id"": 104323, ""tipo"": ""Cámara"", ""clasificacion"": ""Domo MR"", ""descripcionresumida"": ""LAGOS RICARDO y RIVAROLA DR. RODOLFO"", ""responsable"": ""Mantenimiento de Cámaras"", ""calle"": ""LAGOS RICARDO                                     "", ""altura"": 3140, ""letra"": """", ""bis"": 0, ""coordenadax"": 5433111.770864, ""coordenaday"": 6352792.914336 }, ""geometry"": { ""type"": ""Point"", ""coordinates"": [ -60.715456, -32.965714 ] } }"
104326,Cámara,Domo MR,PERON PTE. JUAN DOMINGO y CULLEN DOMINGO,Mantenimiento de Cámaras,PERON PTE. JUAN DOMINGO                           ,6411,,0,5433788.0628731,6352729.29805934,"{ ""type"": ""Feature"", ""properties"": { ""id"": 104326, ""tipo"": ""Cámara"", ""clasificacion"": ""Domo MR"", ""descripcionresumida"": ""PERON PTE. JUAN DOMINGO y CULLEN DOMINGO"", ""responsable"": ""Mantenimiento de Cámaras"", ""calle"": ""PERON PTE. JUAN DOMINGO                           "", ""altura"": 6411, ""letra"": """", ""bis"": 0, ""coordenadax"": 5433788.062873, ""coordenaday"": 6352729.298059 }, ""geometry"": { ""type"": ""Point"", ""coordinates"": [ -60.708227, -32.966329 ] } }"
104327,Cámara,Domo MR,ESPAÑA y PASCO,Mantenimiento de Cámaras,PASCO                                             ,1712,,0,5439232.41414931,6353693.47385267,"{ ""type"": ""Feature"", ""properties"": { ""id"": 104327, ""tipo"": ""Cámara"", ""clasificacion"": ""Domo MR"", ""descripcionresumida"": ""ESPAÑA y PASCO"", ""responsable"": ""Mantenimiento de Cámaras"", ""calle"": ""PASCO                                             "", ""altura"": 1712, ""letra"": """", ""bis"": 0, ""coordenadax"": 5439232.414149, ""coordenaday"": 6353693.473853 }, ""geometry"": { ""type"": ""Point"", ""coordinates"": [ -60.649932, -32.957952 ] } }"
104324,Cámara,Domo MR,SALVADOR REPUBLICA DEL y RIVAROLA DR. RODOLFO,Mantenimiento de Cámaras,SALVADOR REPUBLICA DEL                            ,3160,,0,5433344.2700065,6352768.66678137,"{ ""type"": ""Feature"", ""properties"": { ""id"": 104324, ""tipo"": ""Cámara"", ""clasificacion"": ""Domo MR"", ""descripcionresumida"": ""SALVADOR REPUBLICA DEL y RIVAROLA DR. RODOLFO"", ""responsable"": ""Mantenimiento de Cámaras"", ""calle"": ""SALVADOR REPUBLICA DEL                            "", ""altura"": 3160, ""letra"": """", ""bis"": 0, ""coordenadax"": 5433344.270007, ""coordenaday"": 6352768.666781 }, ""geometry"": { ""type"": ""Point"", ""coordinates"": [ -60.712971, -32.965947 ] } }"
83114,Cámara,Fija MR,Avellaneda y 3 de Febrero,Mantenimiento de Cámaras,TRES DE FEBRERO                                   ,4114,,0,5436323.58874791,6355081.1417729,"{ ""type"": ""Feature"", ""properties"": { ""id"": 83114, ""tipo"": ""Cámara"", ""clasificacion"": ""Fija MR"", ""descripcionresumida"": ""Avellaneda y 3 de Febrero"", ""responsable"": ""Mantenimiento de Cámaras"", ""calle"": ""TRES DE FEBRERO                                   "", ""altura"": 4114, ""letra"": """", ""bis"": 0, ""coordenadax"": 5436323.588748, ""coordenaday"": 6355081.141773 }, ""geometry"": { ""type"": ""Point"", ""coordinates"": [ -60.680945, -32.945275 ] } }"
83392,Cámara,Fija MR,Pellegrini y Sarmiento,Mantenimiento de Cámaras,PELLEGRINI CARLOS,0,,0,5440077.605,6353773.245,"{ ""type"": ""Feature"", ""properties"": { ""id"": 83392, ""tipo"": ""Cámara"", ""clasificacion"": ""Fija MR"", ""descripcionresumida"": ""Pellegrini y Sarmiento"", ""responsable"": ""Mantenimiento de Cámaras"", ""calle"": ""PELLEGRINI CARLOS"", ""altura"": 0, ""letra"": """", ""bis"": 0, ""coordenadax"": 5440077.605000, ""coordenaday"": 6353773.245000 }, ""geometry"": { ""type"": ""Point"", ""coordinates"": [ -60.640888, -32.957279 ] } }"
83122,Cámara,Fija MR,Pellegrini y Presidente Roca,Mantenimiento de Cámaras,PELLEGRINI,0,,0,5439449.18065897,6353905.6513125,"{ ""type"": ""Feature"", ""properties"": { ""id"": 83122, ""tipo"": ""Cámara"", ""clasificacion"": ""Fija MR"", ""descripcionresumida"": ""Pellegrini y Presidente Roca"", ""responsable"": ""Mantenimiento de Cámaras"", ""calle"": ""PELLEGRINI"", ""altura"": 0, ""letra"": """", ""bis"": 0, ""coordenadax"": 5439449.180659, ""coordenaday"": 6353905.651312 }, ""geometry"": { ""type"": ""Point"", ""coordinates"": [ -60.647600, -32.956051 ] } }"
83079,Cámara,Fija MR,Parque España [Boleteria],Mantenimiento de Cámaras,ILLIA PTE. ARTURO U.                              ,1238,,0,5440355.91396683,6355927.35058035,"{ ""type"": ""Feature"", ""properties"": { ""id"": 83079, ""tipo"": ""Cámara"", ""clasificacion"": ""Fija MR"", ""descripcionresumida"": ""Parque España [Boleteria]"", ""responsable"": ""Mantenimiento de Cámaras"", ""calle"": ""ILLIA PTE. ARTURO U.                              "", ""altura"": 1238, ""letra"": """", ""bis"": 0, ""coordenadax"": 5440355.913967, ""coordenaday"": 6355927.350580 }, ""geometry"": { ""type"": ""Point"", ""coordinates"": [ -60.637772, -32.937873 ] } }"
83044,Cámara,Fija MR,Oroño y 27 de Febrero,Mantenimiento de Cámaras,OROÑO NICASIO                                     ,2609,,0,5438437.53332843,6352898.92406324,"{ ""type"": ""Feature"", ""properties"": { ""id"": 83044, ""tipo"": ""Cámara"", ""clasificacion"": ""Fija MR"", ""descripcionresumida"": ""Oroño y 27 de Febrero"", ""responsable"": ""Mantenimiento de Cámaras"", ""calle"": ""OROÑO NICASIO                                     "", ""altura"": 2609, ""letra"": """", ""bis"": 0, ""coordenadax"": 5438437.533328, ""coordenaday"": 6352898.924063 }, ""geometry"": { ""type"": ""Point"", ""coordinates"": [ -60.658486, -32.965071 ] } }"
83046,Cámara,Fija MR,San Luis y San Martin,Mantenimiento de Cámaras,SAN LUIS                                          ,992,,0,5440416.7754781,6354664.66343996,"{ ""type"": ""Feature"", ""properties"": { ""id"": 83046, ""tipo"": ""Cámara"", ""clasificacion"": ""Fija MR"", ""descripcionresumida"": ""San Luis y San Martin"", ""responsable"": ""Mantenimiento de Cámaras"", ""calle"": ""SAN LUIS                                          "", ""altura"": 992, ""letra"": """", ""bis"": 0, ""coordenadax"": 5440416.775478, ""coordenaday"": 6354664.663440 }, ""geometry"": { ""type"": ""Point"", ""coordinates"": [ -60.637203, -32.949261 ] } }"
83057,Cámara,Fija MR,Uriburu y Buenos Aires,Mantenimiento de Cámaras,URIBURU,0,,0,5439869.44898263,6350083.26213638,"{ ""type"": ""Feature"", ""properties"": { ""id"": 83057, ""tipo"": ""Cámara"", ""clasificacion"": ""Fija MR"", ""descripcionresumida"": ""Uriburu y Buenos Aires"", ""responsable"": ""Mantenimiento de Cámaras"", ""calle"": ""URIBURU"", ""altura"": 0, ""letra"": """", ""bis"": 0, ""coordenadax"": 5439869.448983, ""coordenaday"": 6350083.262136 }, ""geometry"": { ""type"": ""Point"", ""coordinates"": [ -60.643355, -32.990538 ] } }"
83058,Cámara,Fija MR,Cordoba y Maipu,Mantenimiento de Cámaras,MAIPU                                             ,810,,0,5440589.74838009,6354902.93865383,"{ ""type"": ""Feature"", ""properties"": { ""id"": 83058, ""tipo"": ""Cámara"", ""clasificacion"": ""Fija MR"", ""descripcionresumida"": ""Cordoba y Maipu"", ""responsable"": ""Mantenimiento de Cámaras"", ""calle"": ""MAIPU                                             "", ""altura"": 810, ""letra"": """", ""bis"": 0, ""coordenadax"": 5440589.748380, ""coordenaday"": 6354902.938654 }, ""geometry"": { ""type"": ""Point"", ""coordinates"": [ -60.635338, -32.947122 ] } }"
83064,Cámara,Fija MR,Maipu y Mendoza,Mantenimiento de Cámaras,MENDOZA                                           ,892,,0,5440487.74760027,6354366.29127541,"{ ""type"": ""Feature"", ""properties"": { ""id"": 83064, ""tipo"": ""Cámara"", ""clasificacion"": ""Fija MR"", ""descripcionresumida"": ""Maipu y Mendoza"", ""responsable"": ""Mantenimiento de Cámaras"", ""calle"": ""MENDOZA                                           "", ""altura"": 892, ""letra"": """", ""bis"": 0, ""coordenadax"": 5440487.747600, ""coordenaday"": 6354366.291275 }, ""geometry"": { ""type"": ""Point"", ""coordinates"": [ -60.636463, -32.951955 ] } }"
83071,Cámara,Fija MR,San Nicolas y 3 de Febrero,Mantenimiento de Cámaras,TRES DE FEBRERO                                   ,3611,,0,5436966.03646536,6354921.43002327,"{ ""type"": ""Feature"", ""properties"": { ""id"": 83071, ""tipo"": ""Cámara"", ""clasificacion"": ""Fija MR"", ""descripcionresumida"": ""San Nicolas y 3 de Febrero"", ""responsable"": ""Mantenimiento de Cámaras"", ""calle"": ""TRES DE FEBRERO                                   "", ""altura"": 3611, ""letra"": """", ""bis"": 0, ""coordenadax"": 5436966.036465, ""coordenaday"": 6354921.430023 }, ""geometry"": { ""type"": ""Point"", ""coordinates"": [ -60.674087, -32.946752 ] } }"
83073,Cámara,Fija MR,Mendoza y Cafferata,Mantenimiento de Cámaras,MENDOZA                                           ,3488,,0,5437152.71789383,6355049.92515845,"{ ""type"": ""Feature"", ""properties"": { ""id"": 83073, ""tipo"": ""Cámara"", ""clasificacion"": ""Fija MR"", ""descripcionresumida"": ""Mendoza y Cafferata"", ""responsable"": ""Mantenimiento de Cámaras"", ""calle"": ""MENDOZA                                           "", ""altura"": 3488, ""letra"": """", ""bis"": 0, ""coordenadax"": 5437152.717894, ""coordenaday"": 6355049.925158 }, ""geometry"": { ""type"": ""Point"", ""coordinates"": [ -60.672081, -32.945604 ] } }"
83076,Cámara,Fija MR,Moreno y Brigadier Lopez,Mantenimiento de Cámaras,LOPEZ ESTANISLAO                                  ,1915,,0,5439448.03368772,6356529.83120955,"{ ""type"": ""Feature"", ""properties"": { ""id"": 83076, ""tipo"": ""Cámara"", ""clasificacion"": ""Fija MR"", ""descripcionresumida"": ""Moreno y Brigadier Lopez"", ""responsable"": ""Mantenimiento de Cámaras"", ""calle"": ""LOPEZ ESTANISLAO                                  "", ""altura"": 1915, ""letra"": """", ""bis"": 0, ""coordenadax"": 5439448.033688, ""coordenaday"": 6356529.831210 }, ""geometry"": { ""type"": ""Point"", ""coordinates"": [ -60.647440, -32.932391 ] } }"
83084,Cámara,Fija MR,Pellegrini y Vera Mujica,Mantenimiento de Cámaras,PELLEGRINI CARLOS                                 ,3214,,0,5437377.32031149,6354350.78238491,"{ ""type"": ""Feature"", ""properties"": { ""id"": 83084, ""tipo"": ""Cámara"", ""clasificacion"": ""Fija MR"", ""descripcionresumida"": ""Pellegrini y Vera Mujica"", ""responsable"": ""Mantenimiento de Cámaras"", ""calle"": ""PELLEGRINI CARLOS                                 "", ""altura"": 3214, ""letra"": """", ""bis"": 0, ""coordenadax"": 5437377.320311, ""coordenaday"": 6354350.782385 }, ""geometry"": { ""type"": ""Point"", ""coordinates"": [ -60.669727, -32.951921 ] } }"
83087,Cámara,Fija MR,Cordoba y Avellaneda,Mantenimiento de Cámaras,PERON EVA                                         ,4112,,0,5436471.10496157,6355784.08720254,"{ ""type"": ""Feature"", ""properties"": { ""id"": 83087, ""tipo"": ""Cámara"", ""clasificacion"": ""Fija MR"", ""descripcionresumida"": ""Cordoba y Avellaneda"", ""responsable"": ""Mantenimiento de Cámaras"", ""calle"": ""PERON EVA                                         "", ""altura"": 4112, ""letra"": """", ""bis"": 0, ""coordenadax"": 5436471.104962, ""coordenaday"": 6355784.087203 }, ""geometry"": { ""type"": ""Point"", ""coordinates"": [ -60.679320, -32.938945 ] } }"
83092,Cámara,Fija MR,27 de Febrero y Moreno,Mantenimiento de Cámaras,VEINTISIETE DE FEBRERO                            ,2009,,0,5438669.0136945,6352868.86937421,"{ ""type"": ""Feature"", ""properties"": { ""id"": 83092, ""tipo"": ""Cámara"", ""clasificacion"": ""Fija MR"", ""descripcionresumida"": ""27 de Febrero y Moreno"", ""responsable"": ""Mantenimiento de Cámaras"", ""calle"": ""VEINTISIETE DE FEBRERO                            "", ""altura"": 2009, ""letra"": """", ""bis"": 0, ""coordenadax"": 5438669.013694, ""coordenaday"": 6352868.869374 }, ""geometry"": { ""type"": ""Point"", ""coordinates"": [ -60.656013, -32.965355 ] } }"
83093,Cámara,Fija MR,Sabin y Sorrento,Mantenimiento de Cámaras,MARULL MARIANO                                    ,1070,,0,5435125.82520474,6359312.48406259,"{ ""type"": ""Feature"", ""properties"": { ""id"": 83093, ""tipo"": ""Cámara"", ""clasificacion"": ""Fija MR"", ""descripcionresumida"": ""Sabin y Sorrento"", ""responsable"": ""Mantenimiento de Cámaras"", ""calle"": ""MARULL MARIANO                                    "", ""altura"": 1070, ""letra"": """", ""bis"": 0, ""coordenadax"": 5435125.825205, ""coordenaday"": 6359312.484063 }, ""geometry"": { ""type"": ""Point"", ""coordinates"": [ -60.693456, -32.907054 ] } }"
83096,Cámara,Fija MR,Sabin y Juan Jose Paso,Mantenimiento de Cámaras,PASO JUAN JOSE                                    ,1811,,0,5435528.45986193,6357923.04653789,"{ ""type"": ""Feature"", ""properties"": { ""id"": 83096, ""tipo"": ""Cámara"", ""clasificacion"": ""Fija MR"", ""descripcionresumida"": ""Sabin y Juan Jose Paso"", ""responsable"": ""Mantenimiento de Cámaras"", ""calle"": ""PASO JUAN JOSE                                    "", ""altura"": 1811, ""letra"": """", ""bis"": 0, ""coordenadax"": 5435528.459862, ""coordenaday"": 6357923.046538 }, ""geometry"": { ""type"": ""Point"", ""coordinates"": [ -60.689249, -32.919605 ] } }"
83101,Cámara,Fija MR,Nansen y Victor Mercante,Mantenimiento de Cámaras,NANSEN                                            ,409,,0,5435965.11653237,6359079.70158571,"{ ""type"": ""Feature"", ""properties"": { ""id"": 83101, ""tipo"": ""Cámara"", ""clasificacion"": ""Fija MR"", ""descripcionresumida"": ""Nansen y Victor Mercante"", ""responsable"": ""Mantenimiento de Cámaras"", ""calle"": ""NANSEN                                            "", ""altura"": 409, ""letra"": """", ""bis"": 0, ""coordenadax"": 5435965.116532, ""coordenaday"": 6359079.701586 }, ""geometry"": { ""type"": ""Point"", ""coordinates"": [ -60.684501, -32.909202 ] } }"
83103,Cámara,Fija MR,Maternidad Martin [Moreno 700],Mantenimiento de Cámaras,MORENO MARIANO                                    ,976,,0,5439087.75023151,6354969.9947228,"{ ""type"": ""Feature"", ""properties"": { ""id"": 83103, ""tipo"": ""Cámara"", ""clasificacion"": ""Fija MR"", ""descripcionresumida"": ""Maternidad Martin [Moreno 700]"", ""responsable"": ""Mantenimiento de Cámaras"", ""calle"": ""MORENO MARIANO                                    "", ""altura"": 976, ""letra"": """", ""bis"": 0, ""coordenadax"": 5439087.750232, ""coordenaday"": 6354969.994723 }, ""geometry"": { ""type"": ""Point"", ""coordinates"": [ -60.651395, -32.946435 ] } }"
83105,Cámara,Fija MR,Moreno y Riobamba,Mantenimiento de Cámaras,RIOBAMBA                                          ,1990,,0,5438797.85327833,6353383.31592557,"{ ""type"": ""Feature"", ""properties"": { ""id"": 83105, ""tipo"": ""Cámara"", ""clasificacion"": ""Fija MR"", ""descripcionresumida"": ""Moreno y Riobamba"", ""responsable"": ""Mantenimiento de Cámaras"", ""calle"": ""RIOBAMBA                                          "", ""altura"": 1990, ""letra"": """", ""bis"": 0, ""coordenadax"": 5438797.853278, ""coordenaday"": 6353383.315926 }, ""geometry"": { ""type"": ""Point"", ""coordinates"": [ -60.654600, -32.960724 ] } }"
83108,Cámara,Fija MR,Francia y Acevedo,Mantenimiento de Cámaras,FRANCIA                                           ,4494,,0,5436695.2056241,6350778.81647983,"{ ""type"": ""Feature"", ""properties"": { ""id"": 83108, ""tipo"": ""Cámara"", ""clasificacion"": ""Fija MR"", ""descripcionresumida"": ""Francia y Acevedo"", ""responsable"": ""Mantenimiento de Cámaras"", ""calle"": ""FRANCIA                                           "", ""altura"": 4494, ""letra"": """", ""bis"": 0, ""coordenadax"": 5436695.205624, ""coordenaday"": 6350778.816480 }, ""geometry"": { ""type"": ""Point"", ""coordinates"": [ -60.677268, -32.984087 ] } }"
83110,Cámara,Fija MR,Herrera y Agrelo,Mantenimiento de Cámaras,HERRERA DR NICOLAS                                ,611,,0,5435365.94738955,6360621.56863114,"{ ""type"": ""Feature"", ""properties"": { ""id"": 83110, ""tipo"": ""Cámara"", ""clasificacion"": ""Fija MR"", ""descripcionresumida"": ""Herrera y Agrelo"", ""responsable"": ""Mantenimiento de Cámaras"", ""calle"": ""HERRERA DR NICOLAS                                "", ""altura"": 611, ""letra"": """", ""bis"": 0, ""coordenadax"": 5435365.947390, ""coordenaday"": 6360621.568631 }, ""geometry"": { ""type"": ""Point"", ""coordinates"": [ -60.690797, -32.895265 ] } }"
83111,Cámara,Fija MR,Italia y Virasoro,Mantenimiento de Cámaras,VIRASORO GRAL. BENJAMIN                           ,1813,,0,5438862.27482348,6352549.2159799,"{ ""type"": ""Feature"", ""properties"": { ""id"": 83111, ""tipo"": ""Cámara"", ""clasificacion"": ""Fija MR"", ""descripcionresumida"": ""Italia y Virasoro"", ""responsable"": ""Mantenimiento de Cámaras"", ""calle"": ""VIRASORO GRAL. BENJAMIN                           "", ""altura"": 1813, ""letra"": """", ""bis"": 0, ""coordenadax"": 5438862.274823, ""coordenaday"": 6352549.215980 }, ""geometry"": { ""type"": ""Point"", ""coordinates"": [ -60.653967, -32.968248 ] } }"
83112,Cámara,Fija MR,Santa Fe 600,Mantenimiento de Cámaras,SANTA FE                                          ,695,,0,5440853.10127068,6354925.60549379,"{ ""type"": ""Feature"", ""properties"": { ""id"": 83112, ""tipo"": ""Cámara"", ""clasificacion"": ""Fija MR"", ""descripcionresumida"": ""Santa Fe 600"", ""responsable"": ""Mantenimiento de Cámaras"", ""calle"": ""SANTA FE                                          "", ""altura"": 695, ""letra"": """", ""bis"": 0, ""coordenadax"": 5440853.101271, ""coordenaday"": 6354925.605494 }, ""geometry"": { ""type"": ""Point"", ""coordinates"": [ -60.632520, -32.946932 ] } }"
83109,Cámara,Fija MR,Entrada GUM [Ricchieri 1500],Mantenimiento de Cámaras,RICCHERI TTE. GRAL. PABLO                         ,1521,,0,5437831.51397267,6354473.2727805,"{ ""type"": ""Feature"", ""properties"": { ""id"": 83109, ""tipo"": ""Cámara"", ""clasificacion"": ""Fija MR"", ""descripcionresumida"": ""Entrada GUM [Ricchieri 1500]"", ""responsable"": ""Mantenimiento de Cámaras"", ""calle"": ""RICCHERI TTE. GRAL. PABLO                         "", ""altura"": 1521, ""letra"": """", ""bis"": 0, ""coordenadax"": 5437831.513973, ""coordenaday"": 6354473.272781 }, ""geometry"": { ""type"": ""Point"", ""coordinates"": [ -60.664862, -32.950842 ] } }"
83083,Cámara,Fija MR,Francia y Mendoza,Mantenimiento de Cámaras,FRANCIA                                           ,1212,,0,5437634.4099963,6354926.20198958,"{ ""type"": ""Feature"", ""properties"": { ""id"": 83083, ""tipo"": ""Cámara"", ""clasificacion"": ""Fija MR"", ""descripcionresumida"": ""Francia y Mendoza"", ""responsable"": ""Mantenimiento de Cámaras"", ""calle"": ""FRANCIA                                           "", ""altura"": 1212, ""letra"": """", ""bis"": 0, ""coordenadax"": 5437634.409996, ""coordenaday"": 6354926.201990 }, ""geometry"": { ""type"": ""Point"", ""coordinates"": [ -60.666939, -32.946747 ] } }"
83115,Cámara,Fija MR,San Luis y Moreno,Mantenimiento de Cámaras,SAN LUIS                                          ,2012,,0,5439093.1186936,6354941.36292496,"{ ""type"": ""Feature"", ""properties"": { ""id"": 83115, ""tipo"": ""Cámara"", ""clasificacion"": ""Fija MR"", ""descripcionresumida"": ""San Luis y Moreno"", ""responsable"": ""Mantenimiento de Cámaras"", ""calle"": ""SAN LUIS                                          "", ""altura"": 2012, ""letra"": """", ""bis"": 0, ""coordenadax"": 5439093.118694, ""coordenaday"": 6354941.362925 }, ""geometry"": { ""type"": ""Point"", ""coordinates"": [ -60.651339, -32.946693 ] } }"
83126,Cámara,Fija MR,Pellegrini y Buenos Aires,Mantenimiento de Cámaras,BUENOS AIRES                                      ,1714,,0,5440570.63876155,6353649.35304722,"{ ""type"": ""Feature"", ""properties"": { ""id"": 83126, ""tipo"": ""Cámara"", ""clasificacion"": ""Fija MR"", ""descripcionresumida"": ""Pellegrini y Buenos Aires"", ""responsable"": ""Mantenimiento de Cámaras"", ""calle"": ""BUENOS AIRES                                      "", ""altura"": 1714, ""letra"": """", ""bis"": 0, ""coordenadax"": 5440570.638762, ""coordenaday"": 6353649.353047 }, ""geometry"": { ""type"": ""Point"", ""coordinates"": [ -60.635623, -32.958423 ] } }"
83131,Cámara,Fija MR,Illia y Pte Roca,Mantenimiento de Cámaras,ILLIA PTE. ARTURO U.                              ,1612,,0,5439884.09386237,6356190.67364433,"{ ""type"": ""Feature"", ""properties"": { ""id"": 83131, ""tipo"": ""Cámara"", ""clasificacion"": ""Fija MR"", ""descripcionresumida"": ""Illia y Pte Roca"", ""responsable"": ""Mantenimiento de Cámaras"", ""calle"": ""ILLIA PTE. ARTURO U.                              "", ""altura"": 1612, ""letra"": """", ""bis"": 0, ""coordenadax"": 5439884.093862, ""coordenaday"": 6356190.673644 }, ""geometry"": { ""type"": ""Point"", ""coordinates"": [ -60.642800, -32.935473 ] } }"
83132,Cámara,Fija MR,Av. Lopez y Oroño,Mantenimiento de Cámaras,LOPEZ ESTANISLAO                                  ,2268,,0,5439121.70698483,6356777.07871841,"{ ""type"": ""Feature"", ""properties"": { ""id"": 83132, ""tipo"": ""Cámara"", ""clasificacion"": ""Fija MR"", ""descripcionresumida"": ""Av. Lopez y Oroño"", ""responsable"": ""Mantenimiento de Cámaras"", ""calle"": ""LOPEZ ESTANISLAO                                  "", ""altura"": 2268, ""letra"": """", ""bis"": 0, ""coordenadax"": 5439121.706985, ""coordenaday"": 6356777.078718 }, ""geometry"": { ""type"": ""Point"", ""coordinates"": [ -60.650912, -32.930143 ] } }"
83134,Cámara,Fija MR,Ingreso Castellanos Terminal,Mantenimiento de Cámaras,SANTA FE                                          ,3769,,0,5436934.95342443,6355796.43966043,"{ ""type"": ""Feature"", ""properties"": { ""id"": 83134, ""tipo"": ""Cámara"", ""clasificacion"": ""Fija MR"", ""descripcionresumida"": ""Ingreso Castellanos Terminal"", ""responsable"": ""Mantenimiento de Cámaras"", ""calle"": ""SANTA FE                                          "", ""altura"": 3769, ""letra"": """", ""bis"": 0, ""coordenadax"": 5436934.953424, ""coordenaday"": 6355796.439660 }, ""geometry"": { ""type"": ""Point"", ""coordinates"": [ -60.674359, -32.938861 ] } }"
83135,Cámara,Fija MR,Para de Taxi Interna,Mantenimiento de Cámaras,SANTA FE                                          ,3707,,0,5437020.84881797,6355800.81395074,"{ ""type"": ""Feature"", ""properties"": { ""id"": 83135, ""tipo"": ""Cámara"", ""clasificacion"": ""Fija MR"", ""descripcionresumida"": ""Para de Taxi Interna"", ""responsable"": ""Mantenimiento de Cámaras"", ""calle"": ""SANTA FE                                          "", ""altura"": 3707, ""letra"": """", ""bis"": 0, ""coordenadax"": 5437020.848818, ""coordenaday"": 6355800.813951 }, ""geometry"": { ""type"": ""Point"", ""coordinates"": [ -60.673440, -32.938826 ] } }"
83136,Cámara,Fija MR,Parada de Taxis Cafferata,Mantenimiento de Cámaras,CAFFERATA JUAN MANUEL                             ,722,,0,5437255.31516944,6355735.09998592,"{ ""type"": ""Feature"", ""properties"": { ""id"": 83136, ""tipo"": ""Cámara"", ""clasificacion"": ""Fija MR"", ""descripcionresumida"": ""Parada de Taxis Cafferata"", ""responsable"": ""Mantenimiento de Cámaras"", ""calle"": ""CAFFERATA JUAN MANUEL                             "", ""altura"": 722, ""letra"": """", ""bis"": 0, ""coordenadax"": 5437255.315169, ""coordenaday"": 6355735.099986 }, ""geometry"": { ""type"": ""Point"", ""coordinates"": [ -60.670938, -32.939432 ] } }"
83139,Cámara,Fija MR,Baigorria y Valentin Gomez,Mantenimiento de Cámaras,BAIGORRIA JUAN BAUTISTA                           ,1088,,0,5434701.15283334,6360930.00666155,"{ ""type"": ""Feature"", ""properties"": { ""id"": 83139, ""tipo"": ""Cámara"", ""clasificacion"": ""Fija MR"", ""descripcionresumida"": ""Baigorria y Valentin Gomez"", ""responsable"": ""Mantenimiento de Cámaras"", ""calle"": ""BAIGORRIA JUAN BAUTISTA                           "", ""altura"": 1088, ""letra"": """", ""bis"": 0, ""coordenadax"": 5434701.152833, ""coordenaday"": 6360930.006662 }, ""geometry"": { ""type"": ""Point"", ""coordinates"": [ -60.697880, -32.892444 ] } }"
83140,Cámara,Fija MR,Mitre y Cordoba,Mantenimiento de Cámaras,CORDOBA                                           ,1193,,0,5440201.13137393,6354998.17914767,"{ ""type"": ""Feature"", ""properties"": { ""id"": 83140, ""tipo"": ""Cámara"", ""clasificacion"": ""Fija MR"", ""descripcionresumida"": ""Mitre y Cordoba"", ""responsable"": ""Mantenimiento de Cámaras"", ""calle"": ""CORDOBA                                           "", ""altura"": 1193, ""letra"": """", ""bis"": 0, ""coordenadax"": 5440201.131374, ""coordenaday"": 6354998.179148 }, ""geometry"": { ""type"": ""Point"", ""coordinates"": [ -60.639487, -32.946242 ] } }"
83141,Cámara,Fija MR,San Nicolas y Catamarca,Mantenimiento de Cámaras,CATAMARCA                                         ,3609,,0,5437247.5824775,6356275.97254208,"{ ""type"": ""Feature"", ""properties"": { ""id"": 83141, ""tipo"": ""Cámara"", ""clasificacion"": ""Fija MR"", ""descripcionresumida"": ""San Nicolas y Catamarca"", ""responsable"": ""Mantenimiento de Cámaras"", ""calle"": ""CATAMARCA                                         "", ""altura"": 3609, ""letra"": """", ""bis"": 0, ""coordenadax"": 5437247.582478, ""coordenaday"": 6356275.972542 }, ""geometry"": { ""type"": ""Point"", ""coordinates"": [ -60.670984, -32.934555 ] } }"
83138,Cámara,Fija MR,Ingreso al Tunel Illia,Mantenimiento de Cámaras,ILLIA PTE. ARTURO U.                              ,1104,,0,5440474.00644382,6355728.93619914,"{ ""type"": ""Feature"", ""properties"": { ""id"": 83138, ""tipo"": ""Cámara"", ""clasificacion"": ""Fija MR"", ""descripcionresumida"": ""Ingreso al Tunel Illia"", ""responsable"": ""Mantenimiento de Cámaras"", ""calle"": ""ILLIA PTE. ARTURO U.                              "", ""altura"": 1104, ""letra"": """", ""bis"": 0, ""coordenadax"": 5440474.006444, ""coordenaday"": 6355728.936199 }, ""geometry"": { ""type"": ""Point"", ""coordinates"": [ -60.636522, -32.939668 ] } }"
83143,Cámara,Fija MR,Mendoza y Avellaneda,Mantenimiento de Cámaras,MENDOZA                                           ,4090,,0,5436394.29525215,6355206.35617783,"{ ""type"": ""Feature"", ""properties"": { ""id"": 83143, ""tipo"": ""Cámara"", ""clasificacion"": ""Fija MR"", ""descripcionresumida"": ""Mendoza y Avellaneda"", ""responsable"": ""Mantenimiento de Cámaras"", ""calle"": ""MENDOZA                                           "", ""altura"": 4090, ""letra"": """", ""bis"": 0, ""coordenadax"": 5436394.295252, ""coordenaday"": 6355206.356178 }, ""geometry"": { ""type"": ""Point"", ""coordinates"": [ -60.680181, -32.944150 ] } }"
83117,Cámara,Fija MR,Pellegrini y Laprida,Mantenimiento de Cámaras,PELLEGRINI,0,,0,5440450.39422873,6353696.14664078,"{ ""type"": ""Feature"", ""properties"": { ""id"": 83117, ""tipo"": ""Cámara"", ""clasificacion"": ""Fija MR"", ""descripcionresumida"": ""Pellegrini y Laprida"", ""responsable"": ""Mantenimiento de Cámaras"", ""calle"": ""PELLEGRINI"", ""altura"": 0, ""letra"": """", ""bis"": 0, ""coordenadax"": 5440450.394229, ""coordenaday"": 6353696.146641 }, ""geometry"": { ""type"": ""Point"", ""coordinates"": [ -60.636906, -32.957995 ] } }"
83393,Cámara,Fija MR,Avellaneda y 9 de Julio,Mantenimiento de Cámaras,AVELLANEDA NICOLAS                                ,1415,,0,5436317.34729544,6354929.97979548,"{ ""type"": ""Feature"", ""properties"": { ""id"": 83393, ""tipo"": ""Cámara"", ""clasificacion"": ""Fija MR"", ""descripcionresumida"": ""Avellaneda y 9 de Julio"", ""responsable"": ""Mantenimiento de Cámaras"", ""calle"": ""AVELLANEDA NICOLAS                                "", ""altura"": 1415, ""letra"": """", ""bis"": 0, ""coordenadax"": 5436317.347295, ""coordenaday"": 6354929.979795 }, ""geometry"": { ""type"": ""Point"", ""coordinates"": [ -60.681023, -32.946637 ] } }"
114583,Cámara,MR ,,Mantenimiento de Cámaras,RICCHERI TTE. GRAL. PABLO,1545,,0,5437823.62741615,6354441.80376975,"{ ""type"": ""Feature"", ""properties"": { ""id"": 114583, ""tipo"": ""Cámara"", ""clasificacion"": ""MR "", ""descripcionresumida"": """", ""responsable"": ""Mantenimiento de Cámaras"", ""calle"": ""RICCHERI TTE. GRAL. PABLO"", ""altura"": 1545, ""letra"": """", ""bis"": 0, ""coordenadax"": 5437823.627416, ""coordenaday"": 6354441.803770 }, ""geometry"": { ""type"": ""Point"", ""coordinates"": [ -60.664948, -32.951126 ] } }"
