"341340","rosario"
"341341","rosario"
"341342","rosario"
"341343","rosario"
"341344","rosario"
"341345","rosario"
"341346","rosario"
"341347","rosario"
"341348","rosario"
"341349","rosario"
"341350","rosario"
"341351","rosario"
"341352","rosario"
"341353","rosario"
"341354","rosario"
"341355","rosario"
"341356","rosario"
"341357","rosario"
"341358","rosario"
"341359","rosario"
"341360","rosario"
"341361","rosario"
"341362","rosario"
"341363","rosario"
"341364","rosario"
"341365","rosario"
"341366","rosario"
"341367","rosario"
"113430","buenos aires"
"113431","buenos aires"
"113432","buenos aires"
"113433","buenos aires"
"113434","buenos aires"
"113435","buenos aires"
"113436","buenos aires"
"113437","buenos aires"
"113438","buenos aires"
"113439","buenos aires"
"113440","buenos aires"
"113441","buenos aires"
"113442","buenos aires"
"113443","buenos aires"
"113444","buenos aires"
"113445","buenos aires"
"113446","buenos aires"
"113447","buenos aires"
"113448","buenos aires"
"113449","buenos aires"
"113450","buenos aires"
"113451","buenos aires"
"113452","buenos aires"
"113453","buenos aires"
"113454","buenos aires"
"113455","buenos aires"
"113456","buenos aires"
"347600","pueblo nuevo"
"347601","pueblo nuevo"
"347602","pueblo nuevo"
"347603","pueblo nuevo"
"347604","pueblo nuevo"
"347605","pueblo nuevo"
"347606","pueblo nuevo"
"347607","pueblo nuevo"
"347608","pueblo nuevo"
"347609","pueblo nuevo"
"347610","pueblo nuevo"
"347611","pueblo nuevo"
"347612","pueblo nuevo"
"347613","pueblo nuevo"
"347614","pueblo nuevo"
"347615","pueblo nuevo"
"347616","pueblo nuevo"
"347617","pueblo nuevo"
"347618","pueblo nuevo"
"347619","pueblo nuevo"
"347620","pueblo nuevo"
"347621","pueblo nuevo"
